Investigator,Maddy,Time (s),Electrode,Size (spikes),Duration (s)
Recording Name,Baseline_WT hippocampal culture_9DIV_12-04-2023,00000.799680,A2_21,7,0.03128
Description,"WT hippocampal culture. Basal activity measured on 12.04.23, 9DIV. Cells were cultured on 03.04.23, at different cell density - see platemap. BAR CODE: 100-0914


",00001.507360,B3_14,8,0.06728
,,00001.496480,B3_43,5,0.08864
Maestro Edge (Maestro-) Settings,,00001.603360,B6_14,8,0.05208
   Original File Time,04/12/2023 14:44:02,00001.584800,B6_33,9,0.07976
   Sampling Frequency,12.5 kHz,00002.387280,A3_44,6,0.04496
   Voltage Scale,5.484861781483107E-08 V/sample,00002.853280,D1_21,8,0.28672
   Experiment Start Time,04/12/2023 14:43:44,00003.027440,A2_33,6,0.02416
   Referencing Method,Median,00003.027680,A2_34,5,0.01432
   Acquire Viability,On,00003.070480,D1_31,11,0.5452
   Analog Mode Setting,Neural Spikes,00003.356560,A6_22,5,0.1084
   Plate Type,CytoView MEA 24,00003.755200,A6_22,6,0.07272
   Digital Low Pass Filter,3 kHz Kaiser Window,00003.641200,B6_33,5,0.01752
   Digital High Pass Filter,200 Hz IIR,00003.982480,B3_32,6,0.01632
   Temperature Set Point,37.0 Degrees C,00004.107200,B6_33,5,0.04888
   Current Temperature,37.0 Degrees C,00005.744320,A2_34,5,0.02576
   Heater Power,On,00005.832720,A6_22,7,0.122
   Barcode Plate Type,TwentyFourWell,00006.086960,A6_22,8,0.18344
   Plate Serial Number,100-0914,00006.392480,A1_21,50,0.17456
   CO2 Conc. Set Point,5.0 %,00006.408800,A1_23,11,0.12768
   Actual CO2 Conc.,5.0 %,00006.478400,A2_34,5,0.02288
   Gas Mixer Status,Regulating,00006.829920,A6_22,5,0.08784
   AxIS Version,3.6.2.2,00006.703920,B6_14,20,0.36616
   Maestro Edge (Maestro-) Firmware,3.6.2.2,00007.048800,D1_21,5,0.10792
   Maestro Edge (Maestro-) BioCore Version,BioCore 4B,00007.570080,B6_33,6,0.02992
,,00007.914560,A2_34,5,0.03128
AxIS Playback,,00007.794240,A6_22,6,0.12408
   AxIS Version,3.6.2.2,00008.651680,A6_21,9,0.09576
   File Name,Baseline_WT hippocampal culture_9DIV_12-04-2023(000).raw,00008.645600,A6_22,7,0.03784
   Plate Type,CytoView MEA 24,00007.672000,C1_23,43,1.4776
   Requested File Section,0s to 9m58s,00008.878080,A3_13,10,0.12408
   Actual File Section Run,0s to 9m58s,00009.814000,A2_33,5,0.0488
   Recording Offset from File Start,0s,00009.811920,A2_34,6,0.02624
,,00010.127920,B3_32,11,0.12104
Spike Detector Settings,,00010.925760,A3_13,6,0.01992
   Method,Adaptive Threshold Crossing,00011.497040,A2_33,5,0.03784
   Threshold,6,00011.486720,A2_34,5,0.02704
   Threshold Status,Variable,00011.574240,D1_24,12,0.27448
   Threshold Crossing Only,True,00011.567760,A6_21,9,0.22736
   Pre-Spike Duration,0.84 ms,00011.536720,A6_22,8,0.30328
   Post-Spike Duration,2.16 ms,00013.041440,B6_33,6,0.102
   Coincident Event Filter,Default (Well),00013.780240,A1_21,48,0.2184
   Coincidence Occurrence Threshold,4 Electrodes,00013.834080,A1_23,17,0.13552
   Coincidence Event Window,160 µs,00014.587920,B3_32,5,0.04376
   Allow Sample Overlap,false,00014.692400,A6_22,13,0.22664
   Spike Count Interval,1 s,00015.214160,A2_33,5,0.02088
,,00015.204960,A2_34,6,0.01768
Burst Detector Settings,,00015.203360,A6_21,29,0.10696
   Burst Detection Algorithm,Inter-Spike Interval (ISI) Threshold,00015.117760,A6_22,29,0.20128
   Maximum Inter-Spike Interval,100 ms,00015.985600,D1_24,10,0.23056
   Minimum Number of Spikes,5,00016.597120,A3_44,22,0.206
   Enable Network Burst Detection,True,00016.565840,A3_43,19,0.26384
   Maximum Inter-Spike Interval (network bursts),100 ms,00016.643280,A6_22,5,0.01352
   Minimum Number of Spikes (network bursts),50,00016.350640,A3_13,55,0.69656
   Minimum Participating Electrodes (%),35,00017.668800,A2_21,5,0.03824
   Synchrony Window,20 ms,00017.729440,B3_43,5,0.03376
,,00018.502320,A2_33,5,0.11504
,,00018.522320,A2_34,6,0.12432
,,00018.294560,B6_14,6,0.15328
,,00018.345520,B6_33,7,0.1296
,,00019.450080,A2_33,7,0.02856
,,00019.452880,A2_34,6,0.06888
,,00019.623440,B6_33,6,0.05784
,,00020.443920,A6_21,21,0.19832
,,00020.436080,A6_22,19,0.23296
,,00020.958880,A3_44,5,0.09064
,,00021.954160,A2_34,5,0.14088
,,00022.027280,B6_14,7,0.15224
,,00022.528160,A2_33,6,0.04064
,,00022.295040,D3_33,12,0.15112
,,00023.191280,B4_43,7,0.04
,,00023.473840,B4_43,12,0.07704
,,00023.783200,D1_24,6,0.0612
,,00023.820080,A6_21,6,0.1232
,,00023.578880,A6_22,23,0.35184
,,00023.872320,B6_33,5,0.06544
,,00024.966000,A2_33,6,0.11264
,,00024.963040,A2_34,7,0.0352
,,00025.092800,B6_33,5,0.018
,,00025.360160,A3_13,5,0.02592
,,00025.473040,A6_22,5,0.0248
,,00026.131600,B6_33,5,0.05112
,,00026.601840,B3_43,6,0.04336
,,00026.603280,B3_44,5,0.03864
,,00026.599600,B3_32,8,0.05576
,,00026.600080,B3_42,7,0.05768
,,00026.873920,A3_13,7,0.03048
,,00027.222480,A6_21,7,0.10848
,,00027.216240,A6_22,9,0.0412
,,00027.822960,A2_33,6,0.03464
,,00027.810800,A2_21,11,0.14416
,,00027.731440,A2_34,14,0.27088
,,00028.019120,A6_21,5,0.01392
,,00028.012000,A6_22,6,0.06432
,,00028.190000,B6_33,7,0.06472
,,00028.686240,A6_22,6,0.0276
,,00028.979360,B3_14,13,0.17808
,,00029.415680,A6_21,5,0.0604
,,00029.640320,B6_14,6,0.03064
,,00029.604640,B6_33,8,0.0736
,,00029.966560,B3_32,10,0.11488
,,00030.069920,B3_43,7,0.05736
,,00029.965600,B3_42,6,0.10936
,,00030.205120,A6_22,7,0.23184
,,00031.031440,A2_33,8,0.06032
,,00031.061680,A2_34,6,0.08568
,,00030.981760,A6_22,5,0.01888
,,00031.378320,B3_32,6,0.01848
,,00031.386640,A6_22,6,0.09456
,,00031.758080,A4_32,12,0.094
,,00031.674320,A6_22,13,0.27288
,,00032.122880,A6_21,9,0.2052
,,00032.048400,A6_22,11,0.54136
,,00033.504960,A6_22,5,0.09216
,,00033.597040,A2_11,6,0.20128
,,00033.880160,A2_33,8,0.03704
,,00033.811360,A2_34,6,0.10392
,,00034.921040,A6_22,14,0.18576
,,00035.229520,A6_22,5,0.12904
,,00036.035520,A6_22,8,0.10872
,,00036.055120,B6_33,5,0.01632
,,00036.535920,A6_22,8,0.09648
,,00037.081280,D1_21,6,0.042
,,00036.768800,B6_14,20,0.3388
,,00037.190800,A2_33,7,0.03976
,,00037.195040,A2_34,8,0.2084
,,00037.766800,A1_23,8,0.10296
,,00037.587120,A6_22,13,0.38144
,,00038.493120,A6_22,5,0.17496
,,00039.098640,A6_22,5,0.12288
,,00039.813040,A6_21,6,0.06728
,,00039.810080,A6_22,5,0.06872
,,00041.222960,A2_33,7,0.02872
,,00041.228240,A2_34,8,0.0276
,,00041.201600,A6_22,5,0.16144
,,00041.479040,A6_22,11,0.35408
,,00042.160080,B6_33,6,0.11816
,,00042.906880,A4_32,10,0.14848
,,00042.789840,A6_22,8,0.16144
,,00043.298240,B6_33,6,0.02312
,,00043.580240,A6_21,17,0.24256
,,00043.630640,A6_22,17,0.26048
,,00044.154640,A2_33,5,0.02256
,,00044.154880,A2_34,5,0.02624
,,00044.533360,B3_32,11,0.20472
,,00044.695360,B3_43,5,0.02176
,,00045.183840,C2_11,7,0.0968
,,00045.295040,B3_32,8,0.0572
,,00045.291280,B3_43,6,0.05696
,,00045.114720,A6_21,9,0.15936
,,00045.136640,A6_22,11,0.22088
,,00045.433920,A2_21,5,0.0932
,,00045.299120,B3_42,6,0.10192
,,00045.538480,B6_33,7,0.02632
,,00045.651600,B3_32,10,0.04504
,,00046.200960,B6_14,11,0.09448
,,00046.745440,A2_34,6,0.07816
,,00046.649440,A3_13,9,0.04112
,,00046.711600,A6_22,5,0.0772
,,00046.644800,B6_33,8,0.02848
,,00047.115120,B6_14,5,0.2092
,,00047.317040,A6_22,6,0.14224
,,00047.632960,A2_34,6,0.02384
,,00048.519280,B6_33,5,0.05912
,,00048.634720,A2_33,14,0.09288
,,00048.888080,A2_21,36,0.16288
,,00048.661600,A2_11,31,0.38032
,,00048.882320,A2_14,12,0.1828
,,00048.840000,A2_33,52,0.2008
,,00048.633520,A2_34,69,0.46104
,,00048.891120,A2_32,14,0.10232
,,00048.833200,A2_44,8,0.15536
,,00048.719040,A6_22,7,0.26128
,,00049.318720,A6_22,6,0.10616
,,00051.108400,A6_21,8,0.12432
,,00051.102320,A6_22,7,0.1372
,,00051.470240,A6_22,6,0.02768
,,00051.281280,B6_14,5,0.1604
,,00051.291440,B6_33,9,0.13648
,,00051.739280,B3_32,5,0.06264
,,00052.359760,B3_14,5,0.02976
,,00053.034960,B3_32,5,0.01312
,,00052.844960,A6_22,8,0.0816
,,00053.102080,A6_21,9,0.08104
,,00053.098080,A6_22,8,0.08992
,,00053.468720,B6_33,13,0.1304
,,00053.475360,B6_14,20,0.39512
,,00054.121200,B3_32,5,0.02656
,,00053.954560,A6_22,7,0.074
,,00054.846240,A6_22,5,0.04184
,,00055.638880,A2_21,5,0.01568
,,00055.646880,A2_33,6,0.02736
,,00055.642960,A2_34,6,0.02192
,,00055.747280,D3_33,5,0.05432
,,00055.682640,A6_22,6,0.10056
,,00056.017120,A2_21,11,0.0888
,,00055.947280,A2_11,5,0.13632
,,00056.018560,A2_33,10,0.04928
,,00056.016480,A2_34,12,0.04376
,,00056.316160,A2_14,5,0.05888
,,00056.286640,A2_21,43,0.25288
,,00056.195760,A2_11,20,0.24112
,,00056.296160,A2_33,50,0.1596
,,00056.298800,A2_34,48,0.16864
,,00056.292880,A2_32,17,0.1092
,,00056.438960,B3_32,5,0.13808
,,00056.886000,A6_21,18,0.1944
,,00056.947440,A6_22,14,0.1216
,,00056.902960,B6_33,6,0.10528
,,00057.377440,B4_34,6,0.17664
,,00057.420640,B4_43,20,0.40424
,,00057.929840,A6_22,5,0.12608
,,00058.378960,A6_22,6,0.08704
,,00058.900720,A6_21,76,0.42896
,,00058.757680,A6_22,46,0.58504
,,00059.451120,B6_33,7,0.03032
,,00060.966960,B6_14,9,0.05472
,,00061.330640,B6_33,7,0.05464
,,00061.672320,A6_21,6,0.07632
,,00061.668800,A6_22,8,0.13216
,,00063.038240,A1_21,43,0.1584
,,00063.063120,A1_23,16,0.12384
,,00062.941200,A3_13,29,0.25472
,,00063.022400,A3_44,5,0.15432
,,00063.384560,A3_44,35,0.35864
,,00063.371200,A3_43,23,0.34888
,,00063.309840,A3_13,43,0.59256
,,00064.130560,B3_43,6,0.11304
,,00064.194880,A6_22,5,0.17248
,,00064.845680,A2_33,7,0.0216
,,00064.822880,A6_22,13,0.26128
,,00064.804400,B6_14,20,0.3932
,,00065.609520,B3_32,7,0.20928
,,00066.396640,B6_33,7,0.02816
,,00066.799920,A6_22,10,0.10552
,,00067.290560,B3_32,6,0.01696
,,00067.204800,B3_43,8,0.10864
,,00067.269760,B3_42,6,0.0352
,,00067.524800,A2_33,8,0.07456
,,00067.520400,A2_34,7,0.10288
,,00067.355920,D3_33,11,0.11448
,,00067.519520,A2_11,5,0.13824
,,00067.611360,A6_21,18,0.2428
,,00067.627360,A6_22,6,0.06744
,,00067.816160,A6_22,6,0.04408
,,00068.587680,A2_33,7,0.02328
,,00068.575920,A2_34,5,0.02808
,,00068.928320,A6_22,5,0.04136
,,00069.268640,B3_32,5,0.08984
,,00070.276720,A6_22,5,0.0576
,,00070.669600,A6_22,10,0.14888
,,00071.600560,A2_33,8,0.02024
,,00071.593920,A2_34,6,0.02328
,,00071.420720,A6_22,10,0.20552
,,00071.588880,A2_21,6,0.07392
,,00072.469440,B6_14,5,0.06752
,,00072.386480,B6_33,6,0.12144
,,00072.867520,B4_43,7,0.02592
,,00072.385920,A6_21,9,0.29848
,,00073.549280,A6_22,6,0.05128
,,00074.113280,A1_21,28,0.12776
,,00074.126560,A1_23,13,0.33976
,,00074.602960,C2_11,6,0.05104
,,00075.108400,B3_32,5,0.03816
,,00074.983360,A6_22,6,0.09176
,,00075.461600,A6_22,5,0.10424
,,00076.338880,A6_21,6,0.17024
,,00076.361760,B6_33,5,0.08696
,,00077.092160,A6_22,5,0.01648
,,00077.450560,D1_42,5,0.23072
,,00078.066800,A6_22,8,0.18608
,,00078.562000,A6_21,9,0.07368
,,00078.547600,A6_22,9,0.07904
,,00078.959600,A2_34,5,0.07224
,,00078.835200,B3_32,10,0.13304
,,00078.856800,B3_43,7,0.12064
,,00078.854640,B3_42,8,0.11616
,,00078.752960,A6_21,39,0.21176
,,00078.811280,A6_22,26,0.1508
,,00079.181680,A2_33,7,0.02184
,,00079.461680,A2_11,5,0.07616
,,00079.426160,B3_32,6,0.05624
,,00079.426480,B3_43,6,0.11472
,,00079.425440,B3_44,5,0.02304
,,00080.517840,A6_22,5,0.08232
,,00081.046960,A3_13,7,0.0228
,,00081.521600,B4_43,11,0.07336
,,00081.362080,A6_22,8,0.19096
,,00081.930720,A6_21,9,0.08904
,,00081.927120,A6_22,9,0.16584
,,00082.755840,A2_21,6,0.01848
,,00082.630160,A2_33,8,0.19344
,,00082.632960,A2_34,9,0.1976
,,00082.821040,B4_43,5,0.02736
,,00083.055120,C2_11,6,0.09424
,,00082.930960,B4_33,5,0.11384
,,00082.996320,B4_43,13,0.08296
,,00083.241280,B4_33,13,0.3148
,,00083.282320,B4_34,18,0.30376
,,00083.240880,B4_43,49,0.4284
,,00084.082240,A3_13,7,0.0576
,,00083.747120,A6_22,12,0.27512
,,00085.577360,A2_34,5,0.02792
,,00085.854800,B4_43,8,0.10688
,,00086.192720,A2_33,5,0.01648
,,00086.571600,A2_21,6,0.02448
,,00086.803920,A2_14,7,0.04504
,,00086.747200,A2_32,16,0.11528
,,00086.743200,A2_21,40,0.17624
,,00086.750960,A2_11,18,0.15088
,,00086.581760,A2_33,65,0.35272
,,00086.579600,A2_34,59,0.344
,,00087.695120,B3_14,5,0.02768
,,00088.471120,A6_21,63,0.3764
,,00088.238480,A6_22,61,0.60752
,,00088.992400,C2_14,5,0.20656
,,00089.855280,D4_42,13,0.34432
,,00091.269200,B4_43,6,0.072
,,00091.308080,C1_33,12,0.378
,,00091.886400,A1_21,33,0.12168
,,00091.669920,A6_22,12,0.4232
,,00091.914880,A1_23,17,0.38848
,,00092.243600,B6_33,6,0.02528
,,00092.309360,A6_22,11,0.45576
,,00093.071600,A2_33,8,0.0284
,,00093.073280,A2_34,6,0.02448
,,00093.071360,A2_21,9,0.12968
,,00093.321920,B6_33,7,0.02832
,,00093.980080,C2_11,5,0.04696
,,00094.493280,A3_13,7,0.0208
,,00094.863920,B4_43,5,0.014
,,00094.714800,A6_22,8,0.0964
,,00095.147600,A6_22,11,0.3184
,,00095.309200,A6_21,24,0.35488
,,00095.740960,A6_22,5,0.12112
,,00095.628720,B6_33,6,0.0288
,,00095.980800,A2_33,6,0.03024
,,00095.979920,A2_34,8,0.0296
,,00096.371920,B4_43,12,0.23168
,,00097.273520,B4_33,5,0.03664
,,00097.273040,B4_43,17,0.06944
,,00097.464320,A6_22,5,0.03376
,,00097.739360,B4_33,5,0.06208
,,00097.709280,B4_34,7,0.10576
,,00097.738160,B4_43,22,0.07496
,,00097.747680,C5_44,5,0.1648
,,00098.013200,A6_22,5,0.07992
,,00098.046880,B6_33,6,0.03376
,,00098.165040,B4_43,15,0.1188
,,00098.419840,A2_21,6,0.0372
,,00098.427040,A2_11,6,0.088
,,00098.407600,A2_33,12,0.056
,,00098.412880,A2_34,7,0.10616
,,00098.430000,B4_43,13,0.03784
,,00098.843920,B6_33,5,0.05248
,,00098.782640,A6_22,10,0.1964
,,00099.548320,A3_13,9,0.0404
,,00099.553520,A3_14,5,0.168
,,00099.830400,B3_14,5,0.07288
,,00099.775680,A3_13,16,0.13088
,,00100.069520,A3_13,7,0.03704
,,00099.895840,A6_22,12,0.13
,,00100.146240,A3_44,7,0.11424
,,00100.296560,A3_13,29,0.30784
,,00100.371360,A3_44,23,0.17848
,,00100.120880,A3_43,24,0.44472
,,00101.662320,B6_14,5,0.13656
,,00101.649680,B6_33,5,0.0208
,,00101.901840,A6_21,6,0.04608
,,00102.150640,A6_22,7,0.17224
,,00102.744480,A2_33,17,0.20816
,,00102.708400,A2_34,21,0.284
,,00102.822080,B3_32,8,0.13376
,,00102.880320,B3_43,7,0.09096
,,00102.919360,B3_42,5,0.02824
,,00103.360560,B6_33,9,0.0708
,,00103.622000,B6_14,9,0.09744
,,00103.995120,B3_32,6,0.1128
,,00104.011360,B3_44,6,0.09176
,,00104.070400,B3_42,7,0.03064
,,00103.993840,A6_22,6,0.0164
,,00104.155040,A6_22,7,0.06344
,,00104.882240,B3_32,5,0.01008
,,00104.620640,A6_21,50,0.56504
,,00104.616400,A6_22,44,0.57376
,,00106.181760,A6_21,5,0.06448
,,00105.947040,A6_22,14,0.29384
,,00106.792320,A2_33,5,0.01536
,,00106.712480,B5_21,6,0.10856
,,00106.991120,C3_12,5,0.04888
,,00107.316160,B6_33,5,0.07232
,,00107.903200,A6_22,7,0.11328
,,00108.635040,A2_21,5,0.04704
,,00108.645920,A2_33,9,0.04312
,,00108.641120,A2_34,7,0.05032
,,00108.955840,B6_33,6,0.02296
,,00108.961840,B6_14,19,0.38464
,,00109.273760,A6_22,7,0.16608
,,00109.693120,A2_21,7,0.04184
,,00109.705440,A2_33,10,0.03536
,,00109.702400,A2_34,11,0.128
,,00110.139120,A2_11,18,0.18712
,,00110.168560,A2_14,7,0.07552
,,00110.136000,A2_33,53,0.1856
,,00110.132080,A2_32,23,0.18224
,,00110.066480,A2_21,52,0.34384
,,00110.130720,A2_34,49,0.2724
,,00110.247120,A6_22,9,0.16168
,,00111.360560,A1_41,6,0.15552
,,00111.363120,A1_21,57,0.2512
,,00111.407120,A1_23,15,0.13904
,,00111.408480,B6_14,5,0.0772
,,00111.290160,A6_22,31,0.58872
,,00111.854560,B6_33,6,0.02816
,,00112.313440,B3_32,8,0.02064
,,00112.314240,B3_43,5,0.07928
,,00112.313440,B3_42,5,0.01792
,,00113.562560,A3_13,5,0.08432
,,00113.654000,A6_21,13,0.16184
,,00113.352480,A6_22,21,0.47832
,,00114.101360,B6_33,5,0.0196
,,00114.309280,B3_32,5,0.10056
,,00114.581920,A6_22,6,0.05216
,,00114.755840,A6_22,10,0.17032
,,00115.392960,B3_32,16,0.20768
,,00115.397360,B3_43,15,0.24408
,,00115.386240,B3_44,5,0.07152
,,00115.395280,B3_42,11,0.19368
,,00115.597760,A6_22,5,0.0412
,,00116.795920,A6_22,5,0.09256
,,00117.121760,B6_33,6,0.07192
,,00118.661120,A2_33,10,0.03448
,,00118.665520,A2_34,9,0.12784
,,00118.647040,A2_32,5,0.03152
,,00118.841200,B3_32,6,0.02232
,,00118.745520,A3_13,5,0.01288
,,00118.769920,A6_21,9,0.10784
,,00118.628720,A6_22,12,0.282
,,00119.202960,A4_32,17,0.23792
,,00120.413200,B6_14,5,0.15088
,,00121.328880,A6_22,5,0.0348
,,00122.025840,A6_22,9,0.04232
,,00122.201680,B3_32,5,0.05
,,00122.079600,B4_43,8,0.08248
,,00122.420960,B3_32,6,0.01272
,,00122.227680,B3_44,8,0.23456
,,00122.801760,B3_14,5,0.02032
,,00122.715520,B3_34,12,0.18232
,,00122.707360,B3_44,7,0.1888
,,00122.784160,A6_22,8,0.04232
,,00122.688480,B3_31,22,0.31144
,,00123.040880,B3_14,16,0.07104
,,00122.539680,B3_32,60,0.45104
,,00122.423440,B3_43,47,0.53752
,,00122.421440,B3_42,39,0.54024
,,00124.142880,A2_33,9,0.03216
,,00124.140480,A2_34,10,0.03008
,,00124.401280,A6_22,7,0.11816
,,00124.958000,A6_22,5,0.07
,,00125.920080,A4_32,5,0.0636
,,00125.875200,A6_21,5,0.11496
,,00125.803840,A6_22,11,0.1952
,,00127.198480,A6_21,5,0.11784
,,00127.416880,A2_33,7,0.02992
,,00126.968240,A6_22,19,0.53608
,,00127.735520,A6_22,9,0.27344
,,00129.152080,A6_22,20,0.5988
,,00129.897200,A2_33,6,0.05112
,,00130.358960,B1_33,17,0.23488
,,00130.366240,B1_32,20,0.32344
,,00130.801200,B1_32,5,0.05104
,,00130.986400,B3_32,7,0.09304
,,00130.828400,A6_22,5,0.09512
,,00131.717760,A6_22,9,0.13432
,,00131.695040,B6_14,13,0.1204
,,00132.304720,B6_33,5,0.14824
,,00132.727120,A6_21,30,0.16856
,,00132.420000,A6_22,48,0.53176
,,00134.883600,B3_32,5,0.01192
,,00134.678480,A6_22,5,0.2612
,,00135.506480,A2_33,7,0.0448
,,00135.511120,A2_34,6,0.04736
,,00135.698880,A3_13,35,0.38032
,,00135.876160,A3_44,12,0.08488
,,00135.913520,A3_43,5,0.02384
,,00136.433840,A2_33,6,0.05608
,,00136.933040,B6_33,6,0.03632
,,00137.445120,A6_22,6,0.10264
,,00138.368960,D1_21,5,0.28656
,,00138.372000,A6_21,30,0.41576
,,00138.347360,A6_22,38,0.42664
,,00138.632080,B6_33,5,0.04176
,,00138.749840,B4_34,7,0.26696
,,00139.174880,A2_33,6,0.02144
,,00139.889440,A3_13,5,0.0412
,,00140.047280,A6_22,5,0.0476
,,00140.531600,C2_12,5,0.02208
,,00140.352320,B6_14,17,0.19304
,,00140.419200,C2_14,7,0.24712
,,00141.072080,B6_33,7,0.03272
,,00141.384400,A6_22,5,0.14832
,,00142.202560,B3_43,5,0.02432
,,00142.266640,A6_22,6,0.168
,,00142.643680,A2_21,6,0.03408
,,00142.653040,A2_33,10,0.03984
,,00142.650240,A2_34,11,0.06864
,,00142.656880,A2_32,5,0.02024
,,00143.204800,A6_22,5,0.06168
,,00143.898480,B6_33,5,0.03664
,,00144.252160,A2_21,5,0.0248
,,00144.262880,A2_33,6,0.05416
,,00144.661840,B6_14,12,0.16656
,,00144.797600,A6_22,17,0.29032
,,00145.653200,A6_22,7,0.11448
,,00145.723440,B6_33,6,0.07192
,,00146.249440,B3_32,13,0.07416
,,00146.192640,B3_43,5,0.11032
,,00146.252000,B3_42,7,0.0376
,,00146.462400,B4_43,5,0.05328
,,00146.439440,A6_22,7,0.13776
,,00147.027680,B4_43,5,0.0112
,,00147.281680,A2_21,7,0.04296
,,00147.308880,A2_11,5,0.03216
,,00147.286720,A2_33,12,0.03136
,,00146.992800,A6_22,15,0.28104
,,00147.287520,A2_34,7,0.1128
,,00147.506960,A6_21,16,0.31408
,,00147.519680,A6_22,9,0.136
,,00148.002160,A2_21,19,0.11152
,,00148.033360,A2_11,10,0.06568
,,00148.026800,A2_14,5,0.05632
,,00148.018320,A2_33,34,0.10416
,,00148.018240,A2_32,12,0.07224
,,00148.152560,B1_33,11,0.21488
,,00148.172320,B1_32,15,0.20392
,,00148.013200,A2_34,31,0.17144
,,00148.201840,A6_22,5,0.15928
,,00148.510000,B1_33,11,0.06568
,,00148.518800,B1_32,8,0.10664
,,00149.053120,A1_21,56,0.24376
,,00149.069360,A1_23,16,0.20904
,,00149.440800,A1_23,5,0.03232
,,00150.433920,B6_33,6,0.02632
,,00151.058320,B3_44,6,0.06144
,,00151.113760,B3_42,8,0.02976
,,00150.974800,A6_22,6,0.06328
,,00151.116400,B3_32,9,0.05592
,,00151.111920,B3_43,9,0.05896
,,00151.268000,A6_21,5,0.06384
,,00151.580800,B3_32,5,0.08904
,,00151.492400,A6_21,12,0.34176
,,00151.269600,A6_22,23,0.38936
,,00151.780000,A6_22,6,0.04976
,,00151.888640,B3_32,12,0.03344
,,00151.891680,B3_43,8,0.04152
,,00151.946400,A6_21,6,0.05552
,,00152.244640,A3_44,12,0.12376
,,00152.253200,A3_43,5,0.10552
,,00152.048080,A3_13,38,0.41792
,,00153.045680,D1_42,5,0.03272
,,00153.199600,A6_22,5,0.04952
,,00153.397840,B3_32,5,0.01864
,,00153.601600,A6_22,7,0.12168
,,00154.237840,A6_22,5,0.0996
,,00154.297120,B6_33,6,0.07216
,,00154.554480,A2_21,6,0.05
,,00154.563600,A2_34,6,0.04984
,,00154.338960,B6_14,6,0.12144
,,00154.991200,A6_22,6,0.16856
,,00155.263760,A1_23,7,0.18528
,,00156.185600,A6_21,36,0.39008
,,00156.183040,A6_22,37,0.41056
,,00155.942960,B6_14,22,0.54424
,,00157.109360,A2_33,10,0.0352
,,00157.112320,A2_34,8,0.02688
,,00157.757280,B6_23,5,0.13992
,,00159.611920,A6_22,9,0.10184
,,00159.947120,A2_21,7,0.04552
,,00159.956000,A2_33,9,0.05584
,,00159.955040,A2_34,8,0.02848
,,00160.011920,B6_33,5,0.09272
,,00160.404800,A6_22,5,0.07296
,,00161.222560,B6_14,7,0.17304
,,00161.330800,B6_33,5,0.01288
,,00161.380880,A6_22,5,0.02392
,,00162.650720,A2_33,5,0.02528
,,00162.650720,A2_34,7,0.02776
,,00162.849840,B3_14,8,0.11872
,,00162.814800,B3_32,9,0.096
,,00162.881600,B3_42,5,0.08936
,,00162.652560,A6_22,12,0.3204
,,00162.830320,B6_33,6,0.10928
,,00164.040000,D1_42,7,0.06088
,,00164.345280,A1_21,47,0.16424
,,00164.383920,A1_23,12,0.114
,,00164.431040,C2_11,5,0.12544
,,00164.436080,A2_33,6,0.01512
,,00164.429440,A2_34,5,0.02088
,,00164.695680,B6_33,5,0.0576
,,00164.876560,A2_21,29,0.1016
,,00164.875120,A2_11,17,0.11872
,,00164.872240,A2_33,37,0.1196
,,00164.873680,A2_34,37,0.15272
,,00164.872080,A2_32,18,0.126
,,00164.732000,C3_12,5,0.22408
,,00165.579440,A6_21,5,0.02992
,,00165.115760,A6_22,15,0.34448
,,00166.147840,A6_22,8,0.05952
,,00166.148960,B6_33,5,0.07328
,,00167.092800,B3_32,9,0.09472
,,00166.921680,A6_22,8,0.25144
,,00168.072240,B6_14,5,0.09648
,,00168.250160,B6_33,8,0.0604
,,00168.748160,A2_33,8,0.0724
,,00168.792880,A2_34,9,0.07144
,,00168.619280,A6_22,9,0.21688
,,00169.346160,B6_33,6,0.07424
,,00169.785120,A6_22,9,0.29192
,,00170.213760,B4_43,9,0.14736
,,00170.193280,A6_22,5,0.0772
,,00170.437920,B3_32,6,0.0172
,,00170.906640,B6_33,6,0.03888
,,00171.213200,B3_43,5,0.01232
,,00171.211280,B3_42,7,0.03704
,,00171.449840,A3_13,14,0.07728
,,00171.523520,A6_21,17,0.1928
,,00171.464240,A6_22,15,0.31048
,,00172.393520,A2_21,5,0.04976
,,00172.395760,A2_33,15,0.05096
,,00172.400960,A2_34,11,0.06992
,,00172.384960,A2_32,9,0.05496
,,00172.619520,D1_24,12,0.24392
,,00173.809200,A6_22,6,0.03208
,,00174.078240,B3_32,5,0.0124
,,00174.286400,B6_33,6,0.02928
,,00175.885040,A6_22,6,0.13808
,,00176.988400,A2_21,5,0.02096
,,00177.001600,A2_33,5,0.07368
,,00176.994720,A2_34,5,0.0376
,,00177.212000,D1_24,8,0.06664
,,00176.912640,A6_22,15,0.29656
,,00177.436560,B6_14,7,0.25904
,,00178.090720,A1_44,10,0.14968
,,00179.290160,B3_32,7,0.02496
,,00179.242880,A4_32,15,0.13704
,,00180.091760,A3_13,11,0.04968
,,00179.960240,B6_14,9,0.06992
,,00179.879600,A3_44,7,0.27824
,,00180.156400,A6_21,6,0.02584
,,00180.064720,A6_22,8,0.1124
,,00180.393760,A2_21,5,0.03184
,,00180.396400,A2_33,10,0.02792
,,00180.397680,A2_34,7,0.12368
,,00180.308720,C5_44,6,0.09328
,,00181.102000,B3_32,5,0.01648
,,00181.283040,B6_33,7,0.03152
,,00182.087040,A6_21,15,0.16736
,,00181.891040,A6_22,20,0.33088
,,00182.441760,B6_33,6,0.08792
,,00183.270960,A3_13,8,0.0216
,,00183.688480,A2_33,10,0.05088
,,00183.607760,A2_34,7,0.1132
,,00183.708800,A6_21,12,0.18856
,,00183.762880,A6_22,7,0.06072
,,00183.951440,B3_31,8,0.11448
,,00183.805200,B3_32,25,0.15408
,,00183.800960,B3_43,26,0.26656
,,00183.786640,B3_44,6,0.15432
,,00183.794960,B3_42,18,0.15632
,,00184.386400,B3_32,6,0.0164
,,00184.388960,B3_43,5,0.03248
,,00184.399360,B3_44,5,0.10352
,,00184.638800,A6_21,8,0.13152
,,00184.635040,A6_22,9,0.13408
,,00185.245840,B6_14,5,0.03152
,,00185.195280,B6_33,7,0.0664
,,00185.785680,A6_22,5,0.0448
,,00185.965360,A1_23,9,0.25208
,,00186.204400,A6_22,5,0.09808
,,00186.321600,D1_24,6,0.09424
,,00186.739280,A2_33,8,0.02552
,,00186.739760,A2_34,8,0.04288
,,00186.653520,A6_21,7,0.10736
,,00186.624480,A6_22,11,0.31664
,,00187.958320,B6_14,8,0.16984
,,00187.979360,B6_33,15,0.14048
,,00187.994080,B6_34,9,0.11944
,,00187.656560,A6_22,19,0.52824
,,00188.268800,B6_14,15,0.19136
,,00189.042720,A6_22,5,0.0596
,,00189.422480,A2_33,5,0.0272
,,00189.430000,A2_34,6,0.01728
,,00189.485040,A6_22,5,0.12048
,,00189.831840,B4_33,6,0.11384
,,00189.844080,B4_43,14,0.15008
,,00190.509200,A6_22,9,0.15104
,,00190.953840,A2_34,7,0.12448
,,00190.850960,A2_21,21,0.39192
,,00191.182000,A2_33,13,0.0532
,,00191.183360,A2_34,6,0.0344
,,00192.051920,B3_32,6,0.09608
,,00191.916480,B6_33,5,0.01672
,,00192.106960,A1_44,12,0.28272
,,00192.355680,A6_22,7,0.11432
,,00192.602080,B6_33,5,0.04416
,,00193.240960,A6_22,10,0.27728
,,00193.835680,A6_22,6,0.16936
,,00194.191200,B6_14,10,0.1052
,,00194.585040,B6_33,7,0.02824
,,00194.538640,A2_21,8,0.11856
,,00194.559280,A6_22,5,0.13864
,,00194.979520,A3_13,5,0.05536
,,00195.449840,B4_34,5,0.13024
,,00195.819200,B4_43,6,0.02416
,,00195.602160,A6_22,5,0.11976
,,00196.018000,B3_32,8,0.0268
,,00195.964800,B3_43,6,0.11168
,,00196.972400,A2_21,5,0.03424
,,00196.944640,A2_33,6,0.05312
,,00196.955280,A2_34,7,0.02944
,,00197.745760,A6_22,6,0.08128
,,00198.317840,B1_33,5,0.07792
,,00198.464080,B3_32,5,0.01992
,,00198.562720,B6_33,7,0.02368
,,00198.756400,A6_22,6,0.04352
,,00199.033520,A6_21,5,0.0772
,,00199.616400,B6_14,6,0.06176
,,00199.785280,B6_14,12,0.23344
,,00200.071280,A6_21,29,0.32392
,,00200.049440,A6_22,18,0.31024
,,00200.539520,B3_32,5,0.01456
,,00200.519840,A6_22,5,0.05856
,,00200.569360,B6_14,10,0.17384
,,00200.546000,B6_33,20,0.1236
,,00200.578960,B6_34,6,0.08176
,,00200.994160,A1_21,33,0.1248
,,00200.979440,A2_21,9,0.05904
,,00200.983840,A2_33,11,0.04168
,,00200.984000,A2_34,6,0.02328
,,00200.887840,A2_32,5,0.11072
,,00201.006240,A1_23,17,0.18368
,,00201.911520,B3_32,5,0.05512
,,00201.952400,B3_43,5,0.0192
,,00201.946560,B3_42,5,0.0352
,,00202.591040,A6_22,5,0.09368
,,00202.873680,A6_21,28,0.16968
,,00202.900400,A6_22,18,0.17472
,,00203.700000,B3_32,5,0.01496
,,00203.701280,B3_43,5,0.01816
,,00203.681840,B1_33,5,0.2668
,,00204.844880,B1_33,14,0.26616
,,00204.837680,B1_32,16,0.30872
,,00205.446400,B3_14,5,0.022
,,00205.628560,B1_32,5,0.06264
,,00205.811840,B1_33,10,0.23456
,,00205.819760,B1_32,8,0.22752
,,00206.479200,B3_42,5,0.01728
,,00206.867520,B4_43,5,0.01944
,,00206.804800,A6_21,6,0.07896
,,00207.400720,A2_33,7,0.01632
,,00207.396640,A2_34,6,0.02784
,,00208.083280,B3_32,5,0.01392
,,00208.045920,B3_43,5,0.05768
,,00208.083760,B3_42,5,0.02024
,,00208.044800,A2_21,16,0.1272
,,00208.073280,A2_11,11,0.1012
,,00208.056000,A2_33,36,0.1172
,,00208.054640,A2_34,32,0.15912
,,00208.060720,A2_32,13,0.1152
,,00207.991440,A6_22,19,0.29608
,,00208.313440,B6_14,8,0.07464
,,00208.344560,A6_21,11,0.1828
,,00208.393200,A6_22,7,0.15192
,,00206.999360,C1_23,43,1.69744
,,00210.435760,B6_33,9,0.09224
,,00210.463920,B6_14,14,0.25808
,,00210.951040,A6_22,6,0.09304
,,00210.830480,B6_14,8,0.16264
,,00211.431200,A2_33,7,0.02104
,,00211.425840,A2_34,8,0.02904
,,00212.560720,A6_21,6,0.0344
,,00212.333200,A6_22,19,0.22512
,,00213.128000,A2_33,7,0.01976
,,00213.125760,A2_34,5,0.01752
,,00213.048640,B3_32,5,0.06136
,,00213.444800,A4_32,12,0.16496
,,00213.567680,B6_33,7,0.202
,,00214.141920,A6_22,15,0.19704
,,00214.894080,B6_33,6,0.03024
,,00214.888800,A6_21,47,0.388
,,00214.719920,A6_22,44,0.70872
,,00215.703920,B4_34,6,0.10128
,,00216.310880,A2_33,8,0.04968
,,00217.011280,B6_33,5,0.02072
,,00217.217200,A6_22,8,0.03272
,,00218.488720,A6_22,5,0.08048
,,00219.203760,A2_34,5,0.0532
,,00219.128240,A6_22,7,0.0536
,,00219.403520,B3_43,5,0.0916
,,00219.854080,A6_22,6,0.12088
,,00220.437440,A6_21,23,0.10848
,,00220.430800,A6_22,11,0.09184
,,00220.647280,A2_33,7,0.0564
,,00220.663200,A2_34,8,0.08048
,,00221.094320,A1_21,25,0.068
,,00221.109760,A1_23,7,0.05184
,,00221.195840,B6_33,10,0.04016
,,00221.611760,A2_34,5,0.13976
,,00221.864240,A6_22,6,0.0236
,,00221.869760,A6_21,6,0.04208
,,00223.098080,B3_32,6,0.03832
,,00222.954160,A6_22,5,0.0164
,,00222.865600,B6_14,9,0.14136
,,00223.108960,B6_14,9,0.13072
,,00223.777520,B6_14,7,0.07096
,,00224.021360,A2_33,6,0.022
,,00223.697920,A3_44,30,0.44576
,,00223.923120,A3_43,14,0.16432
,,00223.910240,A6_22,7,0.05664
,,00223.508560,A3_13,62,0.79952
,,00224.724080,A6_22,7,0.20808
,,00225.141360,B3_32,6,0.12632
,,00225.258160,A6_21,31,0.33376
,,00225.114560,A6_22,32,0.5168
,,00225.677280,A2_33,8,0.08408
,,00225.729120,A2_34,6,0.02432
,,00225.833440,B6_33,7,0.0276
,,00226.431920,A1_23,6,0.11104
,,00226.750400,A2_21,11,0.08224
,,00226.765280,A2_33,21,0.06984
,,00226.761760,A2_34,14,0.1144
,,00226.766640,A2_32,7,0.06224
,,00226.780960,A2_11,6,0.14192
,,00227.124800,B6_33,5,0.02592
,,00228.627360,B3_32,6,0.04768
,,00229.127840,D1_24,5,0.09888
,,00229.422160,D1_33,9,0.16848
,,00229.482880,D1_42,5,0.11552
,,00229.586480,B3_42,6,0.01424
,,00229.559680,B6_14,5,0.08688
,,00229.637600,C2_11,5,0.228
,,00229.663360,C2_12,5,0.048
,,00229.649760,C2_14,5,0.11872
,,00229.728640,B3_31,8,0.08168
,,00229.586080,B3_32,22,0.19408
,,00229.724160,B3_43,16,0.1116
,,00229.722960,B3_42,12,0.04952
,,00230.329680,B3_32,7,0.0204
,,00229.902080,A6_22,17,0.48968
,,00230.785600,A6_22,5,0.13248
,,00231.190000,B6_14,5,0.0804
,,00231.209520,B6_44,5,0.14704
,,00231.522000,A2_33,5,0.03664
,,00231.544320,A2_34,5,0.0168
,,00231.624720,A6_22,8,0.13928
,,00231.971280,A6_22,7,0.17432
,,00232.028560,A6_21,7,0.19648
,,00232.464080,D3_33,5,0.03856
,,00232.866160,A2_21,7,0.024
,,00232.867760,A2_32,5,0.02368
,,00232.871920,A2_33,12,0.0684
,,00232.877280,A2_34,9,0.15744
,,00232.885600,A2_11,9,0.27552
,,00233.363920,A2_21,33,0.11472
,,00233.379120,A2_11,19,0.17184
,,00233.374720,A2_14,6,0.09136
,,00233.363920,A2_33,39,0.11896
,,00233.360560,A2_34,39,0.21168
,,00233.368800,A2_32,16,0.09104
,,00233.359040,A6_22,7,0.14648
,,00233.637440,B6_33,6,0.02488
,,00233.915920,B3_32,9,0.036
,,00233.796080,B3_43,8,0.16352
,,00233.805680,B3_44,6,0.28672
,,00233.888320,B3_42,8,0.07176
,,00234.197600,A6_22,7,0.17152
,,00234.792800,A6_22,5,0.05352
,,00235.234400,A1_23,5,0.0872
,,00236.235760,B6_33,5,0.09616
,,00236.081040,A6_22,20,0.54256
,,00237.237360,B6_33,6,0.02448
,,00237.594000,B6_14,20,0.35624
,,00238.527600,A2_33,7,0.01936
,,00239.147600,B6_33,7,0.02104
,,00239.593520,D3_33,5,0.01288
,,00239.404080,A6_22,7,0.0992
,,00240.279200,A6_22,8,0.25312
,,00240.607440,A2_21,5,0.06552
,,00240.700960,B3_32,7,0.06768
,,00240.681840,A4_32,8,0.06776
,,00241.193040,B1_33,5,0.02816
,,00241.414640,A6_21,12,0.2096
,,00241.410960,A6_22,10,0.09528
,,00241.697440,A1_44,6,0.0624
,,00241.747680,A6_21,7,0.0648
,,00241.614720,A6_22,15,0.13152
,,00241.777440,B4_43,11,0.17736
,,00241.933680,A6_21,19,0.3524
,,00241.950400,A6_22,23,0.3
,,00242.643120,A6_21,14,0.1156
,,00242.634960,A6_22,9,0.11528
,,00243.042960,B1_33,15,0.20376
,,00242.990000,B1_32,21,0.34824
,,00243.502160,A2_33,13,0.03424
,,00243.506880,A2_34,5,0.0244
,,00243.612480,C3_12,10,0.13088
,,00243.878320,C3_12,8,0.1468
,,00244.277520,A3_13,7,0.09648
,,00244.433680,A1_21,45,0.1848
,,00244.360640,A1_23,17,0.25744
,,00244.136800,C3_12,28,0.82112
,,00245.060160,C3_12,8,0.22816
,,00245.352640,B6_33,6,0.0292
,,00245.343920,A6_21,11,0.11664
,,00245.304800,A6_22,12,0.13328
,,00246.066800,B3_32,5,0.01096
,,00246.509840,B4_43,12,0.13112
,,00246.847840,A2_33,6,0.056
,,00247.190400,D1_24,7,0.06344
,,00247.403040,D1_24,10,0.20384
,,00247.163200,D1_42,13,0.25264
,,00247.521680,B3_31,18,0.25048
,,00247.685840,B3_14,7,0.10144
,,00247.669840,B3_34,9,0.1448
,,00247.418400,B3_32,53,0.42712
,,00247.440000,B3_43,47,0.40056
,,00247.598640,B3_44,8,0.25976
,,00247.437280,B3_42,34,0.4168
,,00248.572880,A6_22,5,0.03768
,,00248.714480,B6_33,6,0.02768
,,00249.793120,D1_21,5,0.08488
,,00249.571600,D3_33,10,0.11064
,,00249.630880,A6_21,6,0.08352
,,00249.627280,A6_22,23,0.36136
,,00250.066720,A2_21,8,0.09224
,,00249.988560,A2_33,17,0.17768
,,00250.020640,A2_34,18,0.21304
,,00250.912640,A6_22,9,0.14976
,,00251.616320,A2_21,5,0.02624
,,00251.954720,A6_22,5,0.10784
,,00252.882400,A6_22,11,0.15824
,,00253.069040,A1_23,7,0.13952
,,00253.185040,B3_32,6,0.10624
,,00253.866000,A2_33,5,0.012
,,00253.854480,A2_34,6,0.02736
,,00254.034880,B6_14,5,0.1104
,,00254.128880,A6_22,7,0.11536
,,00255.067440,B3_32,6,0.01336
,,00255.052080,A6_21,6,0.07688
,,00255.046800,A6_22,8,0.04112
,,00255.529840,A6_22,8,0.18184
,,00255.966960,A6_21,8,0.04456
,,00255.887840,A6_22,7,0.14616
,,00256.268320,D3_33,6,0.0444
,,00256.582240,A2_33,6,0.01704
,,00256.939040,B3_32,9,0.09184
,,00257.696000,C2_11,6,0.14688
,,00257.975440,A6_22,9,0.12944
,,00258.169680,A2_21,8,0.11744
,,00258.183600,A2_33,15,0.06304
,,00258.177600,A2_34,11,0.08864
,,00258.397600,B3_42,5,0.01648
,,00258.641120,D1_42,6,0.08656
,,00258.771920,B3_32,5,0.01176
,,00258.752720,B6_14,5,0.17728
,,00259.790640,A6_22,6,0.04096
,,00260.180560,B4_43,9,0.10672
,,00260.848960,A6_22,5,0.10344
,,00261.126560,A6_22,5,0.02184
,,00261.125440,B6_33,5,0.0208
,,00261.468480,B6_33,9,0.1368
,,00261.608000,A6_22,6,0.0828
,,00262.505280,A6_22,9,0.25368
,,00263.292080,A6_22,5,0.0588
,,00263.503760,A2_21,5,0.0352
,,00263.741440,A6_22,8,0.05776
,,00264.644320,B3_32,7,0.0364
,,00264.550640,A6_22,9,0.26536
,,00265.134000,A6_22,5,0.11696
,,00265.579440,B6_33,5,0.09784
,,00264.583760,C1_23,41,1.64456
,,00266.228960,B6_14,10,0.09328
,,00266.232880,A6_21,29,0.26664
,,00266.008640,A6_22,24,0.46824
,,00267.089920,A2_33,5,0.02272
,,00267.097360,A2_34,6,0.05832
,,00268.263040,A2_21,6,0.03384
,,00268.272960,A2_33,9,0.04408
,,00268.270400,A2_34,6,0.02208
,,00268.152480,B3_32,6,0.024
,,00268.138000,B3_43,6,0.03328
,,00268.848080,A2_21,17,0.07192
,,00268.860720,A2_11,13,0.12056
,,00268.863200,A2_14,7,0.06216
,,00268.851680,A2_33,34,0.13
,,00268.850560,A2_34,33,0.14544
,,00268.858160,A2_32,10,0.1036
,,00268.988720,A6_22,8,0.1796
,,00269.430000,B6_14,7,0.15344
,,00269.392240,B6_33,6,0.07128
,,00270.257680,B3_32,5,0.01208
,,00270.254400,B3_43,5,0.04256
,,00271.354080,B3_32,5,0.03432
,,00271.950400,A6_21,21,0.22376
,,00272.002000,A6_22,10,0.1684
,,00272.525680,B3_32,6,0.01312
,,00272.349040,A6_22,5,0.17456
,,00272.799680,B3_32,9,0.02496
,,00272.802240,B3_43,8,0.04144
,,00272.968160,B3_44,6,0.11712
,,00273.052800,B3_31,10,0.10592
,,00272.883360,B3_14,11,0.33008
,,00272.903760,B3_34,14,0.28336
,,00272.974720,B3_32,32,0.17552
,,00273.376560,B3_32,5,0.01496
,,00272.976480,B3_43,33,0.17448
,,00272.975200,B3_42,27,0.1768
,,00273.099840,A6_22,6,0.05024
,,00274.148000,A2_21,6,0.04016
,,00274.146640,A2_33,9,0.05184
,,00274.143120,A2_34,7,0.10064
,,00274.062480,A4_32,11,0.12376
,,00274.534720,A6_21,13,0.1496
,,00274.403440,A6_22,23,0.28136
,,00275.418480,B6_33,7,0.02728
,,00275.606640,B4_34,8,0.24312
,,00275.771600,B4_43,10,0.02808
,,00276.681600,B6_14,11,0.09736
,,00276.882320,A1_23,11,0.36504
,,00277.468960,C2_12,5,0.13024
,,00277.638960,A6_22,5,0.0152
,,00278.359600,A2_33,7,0.02976
,,00278.268320,A6_22,5,0.01336
,,00278.355280,A2_34,7,0.0468
,,00278.366800,B6_33,6,0.07968
,,00279.004400,C2_12,5,0.19376
,,00279.526240,B3_32,5,0.01464
,,00280.606240,A6_22,5,0.01072
,,00281.254880,A6_22,5,0.11512
,,00282.010720,B3_32,5,0.01184
,,00282.013280,B3_43,5,0.03016
,,00282.086720,B6_33,5,0.01608
,,00282.145280,A6_22,6,0.10664
,,00282.095680,A3_13,55,0.42216
,,00282.121120,A3_44,30,0.38872
,,00282.191840,A3_43,20,0.22704
,,00282.729120,A1_21,59,0.22128
,,00282.767520,A1_23,21,0.1732
,,00283.131360,B6_33,6,0.02168
,,00284.105680,A2_33,8,0.02928
,,00284.087600,A2_32,5,0.03992
,,00283.836880,A6_22,10,0.2188
,,00284.100640,A2_21,5,0.05944
,,00284.109600,A2_34,6,0.08656
,,00283.995680,A6_21,17,0.20064
,,00284.428800,B3_14,5,0.0388
,,00284.893120,B3_32,7,0.01696
,,00284.807200,B6_14,10,0.18928
,,00284.971600,B6_33,5,0.03352
,,00285.322720,A6_22,7,0.05552
,,00286.326640,B3_14,6,0.03336
,,00286.576640,B6_33,5,0.14576
,,00287.077040,A2_21,5,0.03008
,,00287.059680,A2_33,9,0.0648
,,00287.061360,A2_34,8,0.034
,,00287.208560,A6_21,5,0.09192
,,00287.945680,B3_32,5,0.0112
,,00287.851440,B3_43,8,0.13224
,,00287.687840,A6_21,57,0.37824
,,00287.751920,A6_22,21,0.30208
,,00288.092080,B6_33,6,0.12736
,,00288.371920,B3_14,7,0.04264
,,00288.043840,B6_14,24,0.51496
,,00289.432080,A2_21,6,0.16584
,,00289.207680,A6_22,10,0.26192
,,00289.554960,B6_33,6,0.0712
,,00289.668320,B3_32,10,0.1276
,,00289.669760,B3_43,8,0.1264
,,00289.668640,B3_42,11,0.12856
,,00291.109760,B6_33,5,0.04488
,,00291.688400,B3_32,6,0.07416
,,00292.146640,A2_33,5,0.09704
,,00292.150080,A2_34,6,0.0336
,,00292.237840,B6_33,7,0.0568
,,00292.730320,B1_32,8,0.1384
,,00292.646000,A6_22,16,0.10944
,,00292.744720,B1_33,8,0.23072
,,00292.902160,A6_21,7,0.06952
,,00292.890960,A6_22,6,0.12536
,,00293.341680,A6_22,8,0.11912
,,00293.618480,A6_21,30,0.13384
,,00293.566720,A6_22,24,0.22736
,,00293.944560,B3_32,5,0.01088
,,00294.753200,A2_33,5,0.03744
,,00294.852400,B6_33,7,0.0312
,,00295.187440,A6_22,8,0.29224
,,00296.456640,B6_33,6,0.02104
,,00297.280400,A2_21,7,0.03944
,,00296.906160,A6_22,11,0.28
,,00297.479760,A6_22,5,0.11768
,,00298.208960,A6_22,5,0.02112
,,00298.984240,B3_32,19,0.13656
,,00298.984720,B3_42,10,0.12032
,,00299.008400,B6_33,5,0.02464
,,00298.987120,B3_43,18,0.20936
,,00299.476800,A2_33,5,0.09608
,,00299.848000,B6_33,5,0.0244
,,00300.142960,A6_21,14,0.1584
,,00300.114640,A6_22,10,0.18872
,,00300.509840,A2_33,6,0.04336
,,00300.513680,A2_34,5,0.0104
,,00301.044560,B3_32,5,0.01072
,,00301.716640,A6_22,7,0.11416
,,00302.503280,A2_33,9,0.05024
,,00302.507920,A2_34,5,0.02056
,,00302.358320,A3_13,41,0.27112
,,00302.386160,A3_44,19,0.22728
,,00302.519840,A3_43,10,0.12576
,,00302.780880,A6_22,7,0.19816
,,00303.089440,B6_33,8,0.128
,,00303.784560,A2_34,7,0.1896
,,00303.980720,A6_21,6,0.08904
,,00303.937760,A6_22,18,0.15128
,,00304.484320,D3_33,5,0.10424
,,00304.771440,A2_33,6,0.014
,,00304.772320,A2_34,5,0.106
,,00304.628960,B3_32,9,0.02808
,,00304.587200,B3_43,12,0.07912
,,00304.598640,B3_42,11,0.06136
,,00304.574320,A6_22,10,0.18328
,,00305.011760,A1_21,47,0.21584
,,00305.041200,A1_23,21,0.13544
,,00305.357680,A6_22,16,0.24168
,,00305.787280,A2_21,8,0.1052
,,00305.771200,A2_33,6,0.02216
,,00305.765840,A2_34,6,0.02616
,,00305.435280,A6_21,18,0.22424
,,00306.019520,B4_43,10,0.07592
,,00306.145280,B3_32,6,0.0168
,,00306.396240,A2_21,7,0.1564
,,00306.408160,A2_33,11,0.0588
,,00306.402080,A2_34,9,0.04616
,,00306.624000,A6_22,12,0.19376
,,00307.146320,A6_22,10,0.20776
,,00307.245360,B6_14,8,0.09552
,,00307.200240,B6_33,10,0.13536
,,00307.498080,C5_44,9,0.28608
,,00308.174960,A6_22,5,0.0756
,,00308.660080,B3_32,6,0.01672
,,00308.801520,B6_33,5,0.05776
,,00309.316720,A2_33,5,0.01408
,,00309.311520,A2_34,7,0.02336
,,00309.302240,A6_22,7,0.17208
,,00309.634000,B6_14,5,0.02128
,,00310.031680,A2_34,6,0.04664
,,00310.091600,B3_32,6,0.02184
,,00310.286720,A6_22,6,0.02632
,,00311.098400,A2_33,14,0.05
,,00311.089360,A2_34,11,0.05456
,,00311.097280,A2_21,7,0.07672
,,00311.168160,A6_22,6,0.0428
,,00311.451680,B3_32,5,0.01128
,,00313.083360,B3_42,5,0.08032
,,00313.135040,A6_22,6,0.02688
,,00313.736560,A6_22,9,0.1688
,,00314.339520,A1_21,57,0.25184
,,00314.357200,A1_23,26,0.22584
,,00314.559600,D4_32,5,0.26872
,,00314.442400,B6_14,7,0.30144
,,00314.935920,B3_14,9,0.05352
,,00314.703040,D4_42,5,0.1988
,,00315.045040,A6_22,7,0.03992
,,00316.273200,B6_14,10,0.11896
,,00317.570240,A2_34,5,0.0192
,,00318.127200,A2_33,6,0.0228
,,00318.125840,A2_34,7,0.02288
,,00317.815760,B6_14,5,0.19224
,,00318.225200,B3_32,9,0.08856
,,00318.222240,B3_43,8,0.07792
,,00317.913440,A6_21,34,0.35488
,,00317.932640,A6_22,21,0.40592
,,00318.506080,A6_22,6,0.34328
,,00319.355360,A2_21,6,0.07456
,,00320.437520,C2_12,6,0.15664
,,00320.979760,B3_32,5,0.0156
,,00320.855440,A4_32,11,0.13472
,,00321.531040,A2_33,5,0.0128
,,00321.222320,A6_22,12,0.2212
,,00322.178800,A2_33,9,0.0272
,,00322.169280,A2_34,7,0.06488
,,00322.751920,B6_14,7,0.03744
,,00323.066080,A2_21,5,0.04088
,,00323.078720,A2_33,7,0.06408
,,00323.077840,A2_34,5,0.01648
,,00322.896560,A6_22,6,0.08672
,,00323.382320,B6_33,6,0.02688
,,00323.849280,A6_22,16,0.2264
,,00324.604960,A1_21,47,0.2444
,,00324.620800,A1_23,19,0.20184
,,00324.885520,A6_21,58,0.45456
,,00324.651760,A6_22,48,0.70032
,,00325.910240,B6_33,6,0.05904
,,00326.160240,B3_32,6,0.01928
,,00326.212240,A6_22,7,0.03536
,,00326.940960,A6_22,6,0.08968
,,00327.233840,A6_22,6,0.06016
,,00327.057040,B6_14,15,0.16952
,,00327.359200,A6_21,6,0.09048
,,00327.876160,A6_22,6,0.08488
,,00328.749520,A2_14,8,0.1132
,,00328.723120,A2_32,16,0.14664
,,00328.720720,A2_21,32,0.19152
,,00328.758480,A2_11,16,0.16752
,,00328.577360,A2_33,47,0.32672
,,00328.585120,A2_34,46,0.40912
,,00329.356080,B3_44,5,0.02896
,,00329.602640,B6_33,5,0.06096
,,00330.357520,A6_22,10,0.16328
,,00330.402800,B6_33,7,0.11304
,,00332.031280,A2_34,5,0.10648
,,00332.025120,A6_22,6,0.11936
,,00332.075520,B6_33,7,0.05056
,,00332.365920,A6_22,8,0.04328
,,00332.594400,B6_14,5,0.11224
,,00333.118880,A2_33,6,0.02224
,,00332.850720,A6_21,12,0.30864
,,00332.846000,A6_22,15,0.32688
,,00333.971120,A6_22,9,0.146
,,00334.244480,A6_22,6,0.18488
,,00334.561040,A6_22,5,0.12432
,,00336.245200,A6_21,7,0.13816
,,00335.851040,A6_22,40,0.66888
,,00336.368720,B6_33,7,0.04112
,,00337.200960,A6_22,7,0.1868
,,00337.489840,A2_33,6,0.01904
,,00337.684000,B3_32,5,0.01224
,,00337.920320,A1_23,7,0.25048
,,00338.310720,A6_21,110,0.53648
,,00338.023520,A6_22,79,0.85744
,,00338.901680,B6_14,11,0.10848
,,00339.266960,B3_32,5,0.01224
,,00340.212160,B4_43,10,0.0496
,,00340.347520,A1_21,5,0.16976
,,00340.511280,B6_33,11,0.10888
,,00340.578080,B6_34,5,0.0264
,,00340.547360,B6_14,21,0.33976
,,00341.447840,A2_21,7,0.04792
,,00341.501360,A2_11,5,0.14768
,,00341.451440,A2_33,6,0.01592
,,00341.446720,A2_34,6,0.0444
,,00341.323280,A6_21,5,0.138
,,00341.296960,A6_22,6,0.1104
,,00342.014160,A2_34,6,0.01856
,,00342.762080,B3_32,5,0.0132
,,00342.627520,A6_22,7,0.06
,,00343.069920,A3_13,11,0.10504
,,00343.503680,B4_43,8,0.0628
,,00343.624720,B6_33,5,0.11264
,,00343.899920,A6_21,10,0.15192
,,00343.901440,A6_22,9,0.19688
,,00344.379120,A2_32,5,0.018
,,00344.364720,A2_21,9,0.09328
,,00344.376720,A2_33,11,0.04824
,,00344.371120,A2_34,6,0.032
,,00344.623600,A6_22,5,0.04232
,,00344.695760,B6_33,6,0.02256
,,00344.952240,A6_22,7,0.17152
,,00345.243600,A6_21,23,0.20088
,,00345.235520,A6_22,15,0.23384
,,00345.363120,B6_14,5,0.1276
,,00345.965040,D3_33,5,0.01296
,,00346.000480,B3_32,6,0.01576
,,00346.003040,B3_43,6,0.04144
,,00347.125840,B3_32,5,0.01536
,,00346.850720,A6_22,10,0.21264
,,00347.171680,A6_22,8,0.15464
,,00347.581040,B3_32,6,0.01688
,,00347.583280,B3_43,7,0.0412
,,00348.256720,A6_22,8,0.06792
,,00348.700640,B6_33,5,0.01904
,,00348.886240,A1_21,38,0.14448
,,00348.945920,B3_32,7,0.0344
,,00348.949440,B3_43,7,0.06176
,,00348.946880,B3_42,7,0.03488
,,00348.905360,A1_23,20,0.37648
,,00349.118320,A2_21,6,0.08872
,,00349.206560,A2_33,11,0.0812
,,00349.200720,A2_34,8,0.03328
,,00349.623280,A6_21,22,0.35672
,,00349.622160,A6_22,18,0.39872
,,00350.174720,A6_22,7,0.1704
,,00350.231600,B6_14,5,0.04576
,,00350.529120,A6_22,9,0.09984
,,00350.466720,B6_14,6,0.0584
,,00350.094080,B6_33,20,0.37584
,,00350.268000,B6_44,10,0.18384
,,00350.720160,A2_33,6,0.03352
,,00351.563920,A6_22,16,0.30712
,,00352.202640,A6_22,6,0.05536
,,00353.080560,A2_11,5,0.10824
,,00353.120160,A6_22,12,0.20784
,,00353.398080,B6_33,6,0.0284
,,00353.996320,A6_21,35,0.11936
,,00353.960640,A6_22,27,0.1548
,,00354.885120,A2_33,6,0.02448
,,00354.900720,A2_34,5,0.00952
,,00356.594240,A2_21,5,0.01504
,,00356.512080,B6_33,8,0.02456
,,00356.676960,B3_32,5,0.02248
,,00357.092240,A6_22,11,0.19904
,,00357.801360,A2_33,5,0.012
,,00357.677360,B3_32,5,0.01368
,,00357.679760,B3_43,6,0.02728
,,00357.677520,B3_42,5,0.02768
,,00357.947040,B6_14,5,0.10768
,,00358.220320,D3_33,7,0.06136
,,00358.630720,A6_22,5,0.16096
,,00359.076560,A2_33,8,0.03464
,,00359.068560,A2_34,7,0.02384
,,00358.986080,A6_22,7,0.11704
,,00359.415440,A6_22,8,0.05624
,,00359.579120,A6_21,6,0.08144
,,00360.075680,A2_33,6,0.02344
,,00359.921040,B3_14,12,0.13384
,,00360.818480,B6_33,5,0.0216
,,00360.968240,A6_22,9,0.12792
,,00360.846480,B6_14,25,0.67008
,,00361.593360,B6_33,8,0.03936
,,00362.054080,A2_21,5,0.01776
,,00362.039040,A2_34,13,0.09784
,,00361.872080,A3_13,14,0.13744
,,00361.807920,A3_44,7,0.142
,,00361.839520,A6_22,7,0.17384
,,00362.947680,A6_21,6,0.09552
,,00362.876880,A6_22,9,0.1824
,,00363.118320,A2_21,9,0.1496
,,00363.360000,B6_33,5,0.13152
,,00363.644080,B3_32,5,0.01336
,,00363.882800,D3_33,6,0.0688
,,00363.954160,A6_22,5,0.01104
,,00364.689280,A2_34,5,0.0668
,,00365.540160,A6_22,5,0.0484
,,00365.996640,B3_32,5,0.01112
,,00366.261600,A6_21,5,0.09464
,,00366.258240,A6_22,5,0.04008
,,00366.053520,B6_14,5,0.1936
,,00367.145760,A2_21,6,0.09944
,,00367.094480,A2_33,6,0.06552
,,00367.397200,B4_33,6,0.10032
,,00367.214480,B4_34,5,0.28544
,,00367.396480,B4_43,16,0.11712
,,00368.297680,A6_21,7,0.03096
,,00368.293280,A6_22,5,0.03696
,,00368.874240,A2_34,10,0.24456
,,00369.240000,A3_13,15,0.13232
,,00369.332640,B4_43,5,0.05096
,,00369.336800,A6_22,5,0.05304
,,00369.508800,A3_13,36,0.34096
,,00369.427360,A3_44,23,0.34096
,,00369.540000,A3_43,15,0.25888
,,00370.028240,B3_32,6,0.1068
,,00369.897040,A6_22,7,0.09008
,,00370.080240,B3_31,10,0.13536
,,00370.363680,B3_31,5,0.07464
,,00370.354080,B3_32,10,0.10088
,,00371.571200,B3_32,5,0.01512
,,00371.435040,A6_22,9,0.17448
,,00371.823520,A2_34,5,0.0124
,,00372.461200,B3_14,6,0.03128
,,00372.472000,B3_42,6,0.02672
,,00372.489120,A6_22,5,0.0332
,,00372.779920,A2_34,9,0.03928
,,00372.778080,A2_33,7,0.20776
,,00373.173040,A1_21,31,0.12368
,,00373.337840,A2_21,29,0.14648
,,00373.350880,A2_11,17,0.14048
,,00373.343760,A2_33,43,0.1352
,,00373.344000,A2_34,37,0.24016
,,00373.337040,A2_32,18,0.11856
,,00373.380320,B4_43,9,0.1388
,,00373.507920,B4_34,8,0.29384
,,00373.762880,B4_43,5,0.1064
,,00373.963120,A6_22,12,0.25848
,,00374.632640,A6_21,8,0.07256
,,00374.642560,A6_22,10,0.06936
,,00375.870880,B3_32,5,0.03376
,,00376.858720,B4_43,13,0.15864
,,00376.992960,A6_22,5,0.11392
,,00377.880720,B3_43,5,0.01496
,,00377.865840,B3_32,6,0.03552
,,00377.878000,B3_42,6,0.02728
,,00378.122720,A2_21,5,0.03648
,,00378.142880,A2_33,6,0.01672
,,00378.127920,A2_34,6,0.03096
,,00379.966320,D1_33,5,0.15912
,,00379.973680,D1_42,5,0.15992
,,00380.130320,A6_21,40,0.17888
,,00379.946560,A6_22,43,0.41296
,,00380.323680,B6_33,6,0.0268
,,00381.827280,B4_43,11,0.1516
,,00382.288240,A2_21,7,0.07672
,,00382.290480,A2_33,16,0.09824
,,00382.293040,A2_34,9,0.06976
,,00382.728480,A1_21,40,0.13296
,,00383.004640,A2_21,8,0.0436
,,00382.991440,A2_33,6,0.02888
,,00382.990880,A2_34,6,0.02248
,,00382.814640,A6_22,10,0.25488
,,00382.708080,A1_23,16,0.4848
,,00383.282720,A3_13,6,0.03152
,,00383.272720,B6_33,6,0.02816
,,00383.638080,A2_33,6,0.0132
,,00383.637600,A2_34,6,0.0276
,,00383.807920,A6_22,5,0.01872
,,00384.292720,A6_22,8,0.034
,,00385.627120,A2_21,6,0.05712
,,00386.033920,B6_33,6,0.03424
,,00386.554000,B4_43,9,0.07936
,,00386.623680,A4_32,12,0.23216
,,00387.029680,A6_22,9,0.08024
,,00387.197120,A2_33,6,0.054
,,00387.230000,A2_34,5,0.02216
,,00387.665360,A6_21,7,0.10336
,,00387.491360,A6_22,7,0.21608
,,00386.464160,C1_23,36,1.462
,,00387.848080,A6_22,8,0.1684
,,00388.421520,A2_21,5,0.02736
,,00388.844400,B6_33,7,0.17256
,,00389.376880,B4_34,9,0.18448
,,00389.333280,B4_43,10,0.30264
,,00389.718640,A2_11,11,0.0908
,,00389.811040,A2_33,6,0.04576
,,00389.811680,A2_34,7,0.05952
,,00390.014800,A2_21,33,0.21376
,,00389.914800,A2_11,32,0.29936
,,00390.080640,A2_14,5,0.10552
,,00390.061280,A2_33,43,0.18056
,,00390.017440,A2_34,46,0.2932
,,00390.050080,A2_32,19,0.14688
,,00390.962480,B6_33,5,0.05472
,,00391.508240,A6_22,7,0.08328
,,00392.523920,A6_22,27,0.36864
,,00392.713680,A6_21,46,0.24288
,,00393.069840,A6_21,6,0.0548
,,00393.103280,A6_22,10,0.18208
,,00394.278720,A6_21,5,0.02472
,,00394.012800,A6_22,9,0.28608
,,00394.831120,A2_33,8,0.0224
,,00394.833200,A2_34,5,0.012
,,00395.157200,A6_22,5,0.01512
,,00395.656720,A2_21,9,0.12632
,,00395.667760,A3_13,47,0.43288
,,00395.800960,A3_44,26,0.3368
,,00395.797360,A6_21,26,0.12952
,,00395.792400,A6_22,18,0.12768
,,00395.962800,A3_43,12,0.1968
,,00397.238800,A6_22,8,0.08376
,,00397.882960,D1_42,5,0.0944
,,00397.955040,A6_22,7,0.02696
,,00398.254960,A2_21,6,0.05472
,,00398.256000,A2_33,5,0.01456
,,00398.628560,B4_34,5,0.06072
,,00399.459920,D3_33,6,0.01424
,,00399.862560,B3_32,6,0.01568
,,00399.785520,B3_42,5,0.10472
,,00399.704400,A6_21,10,0.1308
,,00399.694160,A6_22,10,0.11712
,,00400.134400,A2_21,5,0.09208
,,00400.147200,A2_33,14,0.05632
,,00400.144160,A2_34,11,0.14864
,,00400.846160,A2_33,7,0.04536
,,00400.845200,A2_34,7,0.02288
,,00400.876640,A6_22,8,0.13464
,,00401.379360,B6_33,7,0.16584
,,00401.970320,A6_22,10,0.13832
,,00401.992560,B6_33,8,0.02696
,,00402.723280,B3_32,6,0.01592
,,00402.778720,A2_21,6,0.13912
,,00403.035200,A2_21,6,0.06368
,,00403.056400,A2_33,11,0.03712
,,00402.919760,A2_34,9,0.15456
,,00403.040560,A2_32,5,0.03648
,,00403.644560,B4_43,8,0.09448
,,00404.154800,A2_21,7,0.06
,,00404.161840,A2_33,7,0.0208
,,00404.161280,A2_34,5,0.01736
,,00404.565360,B6_14,5,0.06088
,,00405.421840,A2_34,6,0.02728
,,00405.847600,D3_33,6,0.0456
,,00406.124160,A6_22,6,0.03584
,,00406.744880,A6_22,10,0.07384
,,00406.619920,B6_14,10,0.0944
,,00407.010240,A3_43,5,0.13224
,,00407.187680,B3_32,7,0.02368
,,00407.136800,B3_43,5,0.06464
,,00406.807920,A3_13,30,0.352
,,00406.952880,A3_44,16,0.2064
,,00407.490160,A6_22,5,0.0176
,,00407.211840,B6_14,6,0.19096
,,00407.742160,A2_34,5,0.0292
,,00408.671840,B3_32,8,0.0912
,,00408.705280,B3_44,5,0.08824
,,00409.043760,A2_33,8,0.02192
,,00409.036480,A2_34,10,0.11224
,,00408.872640,B6_14,5,0.2548
,,00409.378160,A6_22,5,0.08072
,,00410.666800,B3_43,5,0.10544
,,00410.926240,B4_43,9,0.14864
,,00412.621760,A6_22,8,0.13168
,,00412.858080,A6_22,5,0.1212
,,00413.331840,B4_43,11,0.19824
,,00413.791280,A6_22,6,0.15376
,,00414.208960,B6_14,6,0.09424
,,00414.175600,B6_33,8,0.07792
,,00414.261600,A6_22,9,0.24016
,,00414.890080,A2_34,5,0.01408
,,00415.257760,B3_32,5,0.0112
,,00415.046560,B6_14,8,0.12504
,,00415.219120,A6_22,9,0.26392
,,00415.109520,B6_11,6,0.34264
,,00415.639120,A4_32,12,0.10208
,,00415.646000,A6_22,6,0.10216
,,00415.966960,B6_14,5,0.08104
,,00416.137760,A2_34,6,0.12344
,,00416.257040,A6_22,5,0.13672
,,00418.274080,A2_33,5,0.06288
,,00418.241280,B6_33,6,0.02944
,,00418.483680,A2_21,6,0.0372
,,00418.301680,D4_42,12,0.28016
,,00418.584640,A6_22,5,0.0356
,,00419.048800,A2_34,9,0.0604
,,00419.890480,A6_21,32,0.11808
,,00419.885120,A6_22,19,0.12552
,,00419.914640,B6_11,5,0.10392
,,00419.746880,B6_14,22,0.53968
,,00420.513040,C2_11,9,0.14968
,,00420.660480,A2_33,5,0.02536
,,00420.667520,A2_34,6,0.01768
,,00420.749200,B3_32,5,0.01184
,,00420.882400,C3_12,5,0.0648
,,00421.188400,C3_12,9,0.20008
,,00421.301200,B3_32,8,0.02584
,,00421.301600,B3_42,5,0.05832
,,00421.507280,C3_12,6,0.05208
,,00422.043840,C3_12,8,0.16664
,,00422.389440,A6_22,6,0.1132
,,00422.664640,A2_33,15,0.08688
,,00422.649760,A2_34,9,0.08712
,,00422.437120,C3_12,9,0.24856
,,00422.668880,B6_33,6,0.07144
,,00422.811440,C3_12,7,0.17288
,,00423.170160,C3_12,6,0.06224
,,00423.214240,A6_22,5,0.028
,,00424.502800,B6_33,5,0.06432
,,00425.804640,B6_33,6,0.04064
,,00426.336160,A2_33,6,0.01536
,,00426.307920,A6_22,5,0.04424
,,00426.656160,A2_33,6,0.01496
,,00426.647040,A2_34,8,0.03864
,,00426.638480,A6_21,21,0.17752
,,00426.798560,A1_21,56,0.30272
,,00426.728240,A6_22,8,0.17552
,,00427.202560,A1_21,15,0.0464
,,00426.904560,A1_23,41,0.36552
,,00427.273120,B6_33,9,0.09808
,,00427.857040,A2_33,5,0.01984
,,00427.854720,A2_34,6,0.02496
,,00427.453200,A6_22,17,0.29704
,,00427.844640,A2_21,5,0.07336
,,00428.155920,C2_12,6,0.17704
,,00428.162800,C2_14,6,0.25368
,,00428.451200,A4_32,7,0.08824
,,00428.450720,A6_22,5,0.12616
,,00429.308720,D3_33,5,0.02192
,,00429.292400,B3_32,7,0.06944
,,00429.329440,B3_43,5,0.04224
,,00429.348080,B3_42,5,0.02912
,,00429.192560,A6_21,34,0.13296
,,00428.972320,A6_22,39,0.35096
,,00430.059600,B3_42,5,0.06728
,,00429.837120,B6_14,13,0.20776
,,00429.819360,B6_33,18,0.22064
,,00429.904480,B6_34,6,0.12088
,,00429.941600,B6_44,5,0.08456
,,00430.158880,B3_31,13,0.12704
,,00430.078720,B3_14,5,0.22248
,,00430.058320,B3_32,18,0.15096
,,00430.062080,B3_43,13,0.14256
,,00430.147200,A3_13,8,0.03592
,,00430.733520,B3_32,5,0.01128
,,00431.708160,A6_21,5,0.05952
,,00431.643120,A6_22,10,0.11576
,,00431.868720,A6_21,22,0.28016
,,00432.080000,D1_21,6,0.16416
,,00431.891680,A6_22,17,0.29432
,,00432.165520,D4_32,6,0.27296
,,00433.039280,A1_21,30,0.11648
,,00433.152160,B6_33,7,0.03728
,,00433.723440,A2_33,7,0.03824
,,00433.654800,A2_34,5,0.11752
,,00434.579760,A2_34,6,0.02384
,,00434.574560,A2_33,12,0.09224
,,00434.713680,B6_33,7,0.03264
,,00434.967280,A2_21,5,0.07296
,,00434.979200,A2_34,6,0.08312
,,00435.141120,A6_22,7,0.11504
,,00435.706560,A3_13,12,0.05048
,,00435.859200,A1_23,6,0.12344
,,00435.950640,B6_14,20,0.36256
,,00436.492800,A2_21,27,0.12848
,,00436.478640,A2_32,12,0.10208
,,00436.507120,A2_11,13,0.16656
,,00436.491200,A2_33,48,0.19712
,,00436.493600,A2_34,40,0.22352
,,00436.960640,B6_33,5,0.07016
,,00437.091120,A6_21,57,0.38344
,,00437.034080,A6_22,45,0.54056
,,00437.952480,B6_33,6,0.02576
,,00439.692320,A6_22,5,0.08408
,,00440.786960,B3_32,7,0.06256
,,00441.016880,A6_22,7,0.03816
,,00441.888480,D1_42,5,0.04136
,,00441.896960,A6_21,14,0.21744
,,00441.891600,A6_22,8,0.0524
,,00442.533760,A6_21,6,0.04976
,,00442.500640,A6_22,7,0.05896
,,00443.145120,A6_22,6,0.05632
,,00443.118960,B6_33,10,0.15688
,,00443.467440,A2_21,5,0.02808
,,00443.463200,A2_33,9,0.02312
,,00443.457360,A2_34,6,0.02376
,,00444.045920,A6_22,11,0.17976
,,00444.342240,B6_33,6,0.08696
,,00444.536400,B3_32,25,0.32216
,,00444.730960,B3_42,15,0.12816
,,00444.530240,A6_22,5,0.20352
,,00445.099680,A2_33,6,0.02696
,,00445.098560,A2_34,6,0.01824
,,00444.840400,B3_31,8,0.1304
,,00444.749360,B3_43,25,0.17256
,,00446.807600,B6_33,6,0.02968
,,00447.056800,A3_13,5,0.16712
,,00447.281840,A6_22,6,0.11136
,,00447.285520,A6_21,13,0.24416
,,00448.540800,A2_33,6,0.0232
,,00448.514320,A2_34,9,0.06504
,,00449.867760,A6_21,37,0.322
,,00449.837840,A6_22,32,0.4964
,,00450.437120,A6_22,5,0.0604
,,00451.222000,A2_33,9,0.08424
,,00451.236320,A2_34,8,0.04104
,,00451.170960,B6_33,5,0.08288
,,00451.770640,B4_34,8,0.25688
,,00452.633440,A6_22,5,0.08856
,,00452.852320,B6_33,8,0.03952
,,00452.877360,B6_14,6,0.14616
,,00453.314080,A2_33,5,0.01088
,,00453.446000,A6_22,11,0.14792
,,00453.942240,B4_43,7,0.03048
,,00454.083440,A6_21,6,0.08008
,,00454.080480,A6_22,8,0.26424
,,00455.136640,A6_22,5,0.02024
,,00455.835040,B3_32,6,0.0148
,,00455.681680,B6_14,8,0.14472
,,00455.652000,B6_33,5,0.0228
,,00455.795040,B6_33,6,0.02608
,,00455.745040,B6_34,5,0.05144
,,00456.097920,B3_31,5,0.02096
,,00455.810800,B4_43,5,0.13896
,,00455.929680,B6_14,17,0.20672
,,00456.162080,A6_22,5,0.01512
,,00456.680160,D3_33,5,0.01416
,,00457.160320,A2_33,7,0.02208
,,00457.155760,A2_34,6,0.01832
,,00457.009920,A6_22,9,0.14632
,,00457.256640,B6_33,10,0.04832
,,00457.886720,A6_22,5,0.01128
,,00457.891840,A6_21,6,0.1256
,,00458.147040,A2_21,11,0.14984
,,00458.454800,B3_32,5,0.01472
,,00458.768880,B3_32,7,0.02424
,,00458.772080,B3_43,5,0.01824
,,00458.862000,A6_22,5,0.02104
,,00459.021040,B6_33,5,0.11096
,,00459.330000,A6_22,8,0.06384
,,00459.580240,D1_24,15,0.1064
,,00459.767840,A2_34,5,0.02152
,,00460.327040,B3_32,5,0.01088
,,00460.537840,A6_22,7,0.10048
,,00460.749600,C2_11,5,0.05272
,,00460.861840,A6_21,20,0.15728
,,00460.788160,A6_22,12,0.17456
,,00462.039520,A3_13,9,0.1096
,,00462.020560,A2_34,12,0.3048
,,00462.170480,B4_43,14,0.1832
,,00462.204240,B6_14,6,0.1428
,,00462.360240,B6_33,11,0.184
,,00462.281520,A3_44,38,0.44576
,,00462.300560,A3_43,20,0.40392
,,00462.309360,A3_13,59,0.72352
,,00463.013680,A6_22,8,0.05376
,,00463.422320,B4_43,6,0.01472
,,00463.900960,B3_32,6,0.01552
,,00463.764480,A6_22,10,0.14104
,,00464.174400,B3_44,5,0.02592
,,00465.111840,B3_32,8,0.07656
,,00465.422960,A6_22,6,0.06704
,,00465.688080,A6_21,9,0.12288
,,00465.625920,A6_22,11,0.21784
,,00466.100640,B6_14,8,0.06824
,,00467.757280,A2_33,6,0.01376
,,00468.111440,A6_22,5,0.03224
,,00468.260320,A6_22,5,0.0628
,,00468.699280,B6_33,6,0.1392
,,00469.881920,A2_34,5,0.01296
,,00469.877840,A2_33,7,0.08744
,,00469.822080,A6_21,8,0.20696
,,00469.799280,A6_22,10,0.1748
,,00470.172080,A2_33,5,0.01792
,,00470.171360,A2_34,8,0.03024
,,00470.220400,A6_21,39,0.31112
,,00470.115200,A6_22,37,0.4228
,,00470.726560,B6_33,5,0.02872
,,00471.068640,D3_33,5,0.0504
,,00472.061440,A6_22,7,0.05376
,,00472.143440,B4_43,14,0.2328
,,00472.748880,A4_32,9,0.11928
,,00472.801360,A1_21,58,0.25008
,,00472.853760,A1_23,19,0.18368
,,00473.155040,A2_21,6,0.06352
,,00473.169680,A2_34,12,0.06568
,,00473.150480,B3_32,6,0.0336
,,00473.050560,B3_43,5,0.1056
,,00473.435840,A6_22,8,0.16432
,,00473.488480,B6_33,6,0.03184
,,00474.487280,A6_22,5,0.0136
,,00474.947280,A2_21,6,0.08848
,,00475.133440,B6_33,6,0.05904
,,00475.462080,A4_32,8,0.11728
,,00475.379520,A6_22,6,0.09848
,,00475.130000,B6_14,24,0.4908
,,00475.653680,A6_22,7,0.18248
,,00475.947280,A6_22,7,0.06392
,,00476.681520,A6_22,10,0.21304
,,00476.926480,A6_21,9,0.07808
,,00477.525840,B6_33,10,0.048
,,00478.038240,A2_21,7,0.1236
,,00478.471120,A2_33,8,0.06272
,,00478.473120,A2_34,6,0.03768
,,00478.424480,B3_32,7,0.02288
,,00478.699120,B3_32,10,0.10208
,,00478.701520,B3_43,13,0.15224
,,00478.699520,B3_42,12,0.11648
,,00478.757520,A6_22,8,0.09352
,,00478.722880,A2_21,28,0.31832
,,00478.879280,A2_11,11,0.12776
,,00478.905920,A2_14,5,0.07992
,,00478.865120,A2_33,37,0.13216
,,00478.790720,A2_34,35,0.28
,,00478.896160,A2_32,12,0.09272
,,00479.295440,B6_33,9,0.07384
,,00479.292640,B6_14,8,0.17624
,,00480.308720,B3_32,5,0.01968
,,00480.311920,B3_43,6,0.0308
,,00480.913280,A6_21,5,0.01968
,,00480.907360,A6_22,6,0.024
,,00481.487440,A6_22,6,0.02344
,,00481.998880,D3_33,8,0.11592
,,00482.081600,A6_22,10,0.04768
,,00482.087280,A6_21,9,0.18376
,,00482.762640,A4_32,6,0.06504
,,00483.011840,B3_42,8,0.10352
,,00482.999440,B3_32,14,0.16104
,,00483.014320,B3_43,12,0.14576
,,00484.286640,A6_22,5,0.02976
,,00484.670800,A2_33,6,0.0272
,,00484.666720,B6_33,7,0.03464
,,00486.043120,A2_33,9,0.0796
,,00486.428960,B6_14,6,0.09656
,,00486.343840,B6_33,5,0.09928
,,00486.837600,B3_32,6,0.02336
,,00486.615200,A6_22,7,0.21304
,,00487.025440,A6_21,44,0.18712
,,00487.046080,A6_22,26,0.21856
,,00489.211040,A2_33,6,0.02064
,,00489.213360,A2_34,6,0.0256
,,00489.293600,A6_21,7,0.09216
,,00489.257040,A6_22,12,0.1332
,,00490.501360,B6_14,5,0.06304
,,00490.706640,A6_22,5,0.0476
,,00490.917680,B3_32,10,0.09576
,,00490.997200,B3_43,8,0.03872
,,00490.994000,B3_42,5,0.02744
,,00491.970800,B6_33,6,0.12296
,,00492.242400,A6_22,5,0.09016
,,00493.249200,A2_21,8,0.05688
,,00493.256560,A2_33,5,0.01432
,,00493.890000,B1_33,12,0.16232
,,00494.153360,B1_33,9,0.10288
,,00493.957600,B1_32,20,0.28736
,,00494.364160,A6_22,5,0.11784
,,00495.045360,A2_21,6,0.068
,,00494.879680,B4_43,6,0.11128
,,00494.987120,B6_33,8,0.10712
,,00495.218960,B6_14,10,0.1632
,,00495.633600,A2_33,8,0.1068
,,00496.393600,B6_33,5,0.0616
,,00496.645200,A2_33,7,0.1156
,,00496.794960,B3_32,6,0.01816
,,00496.491200,A6_22,5,0.16432
,,00496.815120,A2_21,10,0.11784
,,00496.991200,A6_21,94,0.53768
,,00496.816160,A6_22,62,0.606
,,00498.283360,A2_32,13,0.10536
,,00498.284400,A2_21,18,0.13768
,,00498.310160,A2_11,12,0.15792
,,00498.292880,A2_33,39,0.13152
,,00498.298080,A2_34,30,0.16688
,,00499.912160,A6_22,6,0.13824
,,00501.517360,A6_21,22,0.25296
,,00501.481840,A6_22,13,0.31816
,,00502.084240,B3_32,6,0.0228
,,00502.480640,A6_22,9,0.16872
,,00503.001840,A2_33,6,0.02904
,,00503.000560,A2_34,5,0.02312
,,00503.070240,A6_21,5,0.04976
,,00502.989360,A6_22,7,0.10936
,,00503.379280,C5_44,6,0.10976
,,00503.423680,A6_21,19,0.19544
,,00503.628080,B3_32,5,0.07304
,,00503.662160,C5_44,7,0.18184
,,00503.309760,A6_22,20,0.37024
,,00503.906160,A2_34,5,0.02072
,,00504.734480,A2_34,7,0.06792
,,00504.689200,A6_22,6,0.09744
,,00505.046480,A3_13,8,0.062
,,00505.276160,B4_43,8,0.05392
,,00505.811440,A6_22,9,0.06216
,,00505.852720,B4_43,7,0.15472
,,00506.141440,C2_12,8,0.2172
,,00506.349280,B4_33,6,0.05048
,,00505.821520,A6_21,22,0.35568
,,00506.106160,A6_22,10,0.1072
,,00506.534080,B3_14,5,0.04328
,,00506.533040,B4_33,6,0.06536
,,00506.225280,B4_43,23,0.17728
,,00506.532480,B4_43,26,0.26584
,,00506.986640,A6_22,5,0.12392
,,00507.296000,A6_22,7,0.03024
,,00507.149040,B6_14,17,0.21912
,,00507.364080,B4_43,7,0.05952
,,00507.586560,B4_43,5,0.02944
,,00508.638080,A6_21,8,0.02784
,,00508.624160,A6_22,6,0.03872
,,00508.613600,B6_33,5,0.052
,,00509.292400,A2_21,6,0.05168
,,00509.297440,A2_34,6,0.05464
,,00509.381520,B3_32,6,0.01408
,,00509.263440,A6_22,9,0.06312
,,00509.665600,B6_14,5,0.1676
,,00509.711760,B6_33,6,0.02664
,,00510.061280,A2_34,5,0.02448
,,00510.066480,A2_33,8,0.12128
,,00510.257760,A6_22,8,0.10096
,,00511.182960,A2_21,6,0.0664
,,00511.525920,B4_43,5,0.01576
,,00511.446000,A6_22,7,0.11
,,00512.480160,B6_33,6,0.05968
,,00513.005120,B4_43,6,0.0236
,,00514.671840,A2_34,6,0.02496
,,00514.720400,A6_21,16,0.13696
,,00514.514720,A6_22,19,0.48408
,,00515.418960,A2_21,6,0.20712
,,00515.678320,D1_21,5,0.10608
,,00515.472480,A6_22,19,0.21712
,,00516.118160,A6_22,8,0.12776
,,00516.686080,D1_31,5,0.198
,,00517.066480,A2_34,7,0.06
,,00516.859280,B3_32,6,0.11896
,,00516.888000,B6_33,5,0.06632
,,00517.296880,A6_22,5,0.03856
,,00517.445280,A6_22,6,0.10008
,,00518.707600,A6_22,5,0.01632
,,00519.977040,A2_34,5,0.05256
,,00519.797600,A6_21,48,0.23216
,,00519.657440,A6_22,32,0.3744
,,00520.179840,B6_14,6,0.0376
,,00520.116080,B6_33,7,0.09472
,,00520.513920,A3_13,35,0.26768
,,00520.630080,A3_44,18,0.13216
,,00520.662320,A3_43,9,0.12408
,,00521.693680,A1_21,30,0.13224
,,00521.944000,A1_21,24,0.19376
,,00521.731680,A1_23,28,0.2976
,,00522.206480,A1_23,7,0.0312
,,00522.080080,A6_22,12,0.26968
,,00522.833120,B3_32,6,0.04816
,,00522.873920,A6_22,7,0.06968
,,00524.052160,A2_34,5,0.10816
,,00524.335200,A6_22,5,0.01848
,,00524.586000,B6_14,8,0.16152
,,00524.906160,B4_43,9,0.10344
,,00525.774640,A2_34,6,0.0204
,,00525.645680,B6_33,5,0.03576
,,00525.508240,A6_22,10,0.41312
,,00526.752000,A6_22,10,0.26432
,,00527.883760,A6_22,7,0.07416
,,00528.044960,B6_33,6,0.06568
,,00528.954800,A1_23,8,0.23744
,,00529.400080,A2_34,6,0.10832
,,00529.442240,A6_22,8,0.13176
,,00529.707280,A6_22,10,0.11752
,,00529.926400,A6_21,5,0.0548
,,00529.971040,A6_22,7,0.13896
,,00530.411280,A2_21,5,0.03664
,,00530.418160,A2_11,6,0.22768
,,00530.401760,A2_33,15,0.1448
,,00530.407440,A2_34,7,0.13768
,,00530.405680,B4_43,7,0.04928
,,00530.760160,B3_32,6,0.04384
,,00530.630320,B4_43,9,0.12584
,,00530.987600,A2_21,7,0.11696
,,00531.117200,A2_11,6,0.19176
,,00531.467840,A6_22,13,0.34024
,,00531.854960,D1_24,5,0.13328
,,00532.079920,B6_33,5,0.01792
,,00532.698000,A6_22,9,0.17104
,,00533.365040,B6_33,6,0.02496
,,00533.534560,A6_21,8,0.07088
,,00533.244960,A6_22,18,0.29568
,,00533.650720,B3_32,5,0.05864
,,00533.702720,A6_22,5,0.10944
,,00533.316160,B6_14,22,0.46744
,,00534.090160,A2_21,5,0.02048
,,00533.805600,A6_21,6,0.27416
,,00534.827760,A4_32,14,0.15264
,,00534.963200,B6_33,6,0.0632
,,00535.407520,A6_22,8,0.19392
,,00535.776800,A1_21,50,0.20544
,,00535.797200,A1_23,16,0.15392
,,00536.496320,B6_33,5,0.03296
,,00537.014160,C1_33,15,0.34488
,,00537.598160,B6_14,6,0.03864
,,00537.571840,B6_33,11,0.06056
,,00538.228800,A6_21,7,0.09552
,,00538.224720,A6_22,14,0.188
,,00538.976480,A6_21,9,0.12016
,,00538.971200,A6_22,7,0.03064
,,00539.152720,A2_21,6,0.06776
,,00539.139840,A2_33,5,0.06632
,,00538.996240,A2_34,8,0.15968
,,00539.457360,A6_21,6,0.0532
,,00539.453760,A6_22,6,0.02888
,,00539.847360,B3_14,5,0.01304
,,00540.395040,A6_22,9,0.14976
,,00540.599760,A2_33,7,0.12256
,,00540.602960,A2_34,13,0.11696
,,00541.418960,A6_22,7,0.01632
,,00541.953520,B3_32,6,0.01368
,,00542.160000,A2_33,7,0.032
,,00542.168240,A2_34,5,0.02144
,,00542.261520,A6_22,5,0.02048
,,00542.443920,B6_33,7,0.14904
,,00542.536640,B6_14,14,0.14136
,,00542.799440,B6_33,7,0.06296
,,00543.254720,B3_32,8,0.09608
,,00543.574320,A2_33,5,0.07048
,,00543.573680,A2_34,6,0.03864
,,00544.058080,A2_21,5,0.06736
,,00543.994880,A3_13,6,0.02344
,,00544.062400,A2_34,5,0.09944
,,00544.130800,B6_33,7,0.07008
,,00544.301360,A6_22,7,0.11456
,,00545.064400,A6_22,5,0.03384
,,00546.017840,A6_22,5,0.03256
,,00546.137840,A3_13,9,0.06384
,,00546.451120,B4_43,5,0.01368
,,00546.795520,A3_13,6,0.02456
,,00546.866560,B6_33,5,0.09944
,,00547.181280,A2_33,8,0.048
,,00547.579280,B3_14,5,0.2336
,,00547.655440,A6_22,5,0.03032
,,00547.743840,A3_13,22,0.23864
,,00548.497040,A6_22,6,0.08184
,,00549.947120,A6_22,8,0.2096
,,00551.223360,A6_22,8,0.0928
,,00551.988480,A6_22,6,0.08752
,,00552.386960,B6_33,6,0.02536
,,00552.577760,B4_34,5,0.16064
,,00553.002720,B6_33,5,0.05808
,,00553.131680,A2_33,7,0.09064
,,00553.712800,B4_43,5,0.04344
,,00553.601680,A6_22,10,0.11848
,,00555.026960,B3_32,6,0.01616
,,00555.018000,B3_43,5,0.03424
,,00555.028160,B3_42,5,0.02432
,,00554.967680,B6_33,6,0.0208
,,00555.193120,A2_33,8,0.1236
,,00555.196080,A2_34,6,0.10456
,,00555.109600,A6_22,6,0.05448
,,00555.762880,B6_33,6,0.02832
,,00555.964480,A6_21,9,0.1364
,,00555.952560,A6_22,7,0.14696
,,00556.074320,C2_12,8,0.13096
,,00556.064480,C2_14,7,0.2128
,,00556.524080,D1_24,5,0.0448
,,00556.424480,B6_33,6,0.06016
,,00556.847280,B4_43,6,0.09632
,,00557.237920,B3_32,5,0.03384
,,00557.296000,A6_22,11,0.35136
,,00557.316320,C3_12,7,0.34928
,,00557.470400,B6_14,20,0.3208
,,00558.027360,A2_21,6,0.11928
,,00558.038800,A2_33,6,0.07488
,,00558.171280,A6_22,6,0.02016
,,00558.545120,A2_33,9,0.0348
,,00558.542000,A2_34,7,0.10304
,,00559.116960,A6_21,26,0.15568
,,00559.172240,A6_22,10,0.07816
,,00559.045200,B6_33,8,0.168
,,00560.640800,B3_32,6,0.12672
,,00560.595920,B3_43,5,0.07296
,,00561.275840,A6_21,10,0.05184
,,00561.088640,A6_22,13,0.2524
,,00561.436480,B3_32,7,0.07856
,,00561.501440,B3_43,7,0.02576
,,00561.456640,B3_44,6,0.09176
,,00561.799120,A2_34,5,0.01928
,,00561.639040,C1_33,13,0.27192
,,00562.443760,A2_34,5,0.09488
,,00562.560080,B6_33,6,0.02272
,,00562.907120,A2_33,9,0.03704
,,00562.899200,A2_34,5,0.01984
,,00563.780080,A3_13,13,0.15264
,,00564.227840,A6_22,6,0.1012
,,00564.400400,B6_33,5,0.11392
,,00565.095280,B4_43,10,0.04936
,,00565.708720,B6_14,5,0.14704
,,00566.268640,A2_34,6,0.08304
,,00565.975520,A6_22,13,0.27544
,,00566.780800,A6_22,6,0.04984
,,00567.309040,A2_33,5,0.0136
,,00567.312720,A2_34,5,0.03328
,,00567.524160,A2_21,6,0.15088
,,00567.590080,B3_32,6,0.08792
,,00567.849120,B3_42,5,0.05008
,,00567.742560,C2_14,8,0.24032
,,00567.848960,B3_32,11,0.0852
,,00567.848240,B3_43,13,0.09336
,,00567.980320,A6_22,6,0.09488
,,00567.853520,B6_33,8,0.1676
,,00568.259360,A4_32,14,0.2424
,,00568.625120,B6_33,6,0.02064
,,00569.092480,B6_14,18,0.34712
,,00569.469120,B6_33,5,0.07464
,,00570.310160,A1_21,53,0.24208
,,00570.362480,A1_23,7,0.1208
,,00571.234960,A6_22,5,0.02224
,,00571.681920,A6_22,5,0.01872
,,00571.865120,B6_33,6,0.0604
,,00573.177600,B6_33,19,0.21928
,,00573.197920,B6_34,7,0.1328
,,00573.241360,B6_44,8,0.09248
,,00573.388480,A2_21,5,0.09208
,,00573.203680,B6_14,27,0.60944
,,00573.838560,C1_33,13,0.34192
,,00574.868400,A2_33,5,0.01048
,,00574.429840,A6_21,38,0.26472
,,00574.394160,A6_22,28,0.3672
,,00574.768400,D1_24,8,0.35984
,,00575.132160,A2_21,5,0.15784
,,00576.029680,B6_33,5,0.1068
,,00576.943600,B3_43,6,0.07712
,,00576.986240,B6_33,5,0.02608
,,00577.663040,A1_21,47,0.20568
,,00577.680640,A1_23,13,0.21016
,,00577.823840,B6_33,6,0.02176
,,00577.848880,A6_22,7,0.21832
,,00578.134000,A1_23,13,0.20856
,,00578.266800,A1_21,43,0.29984
,,00578.482880,A1_23,6,0.03704
,,00578.568560,B3_32,5,0.07552
,,00578.368000,B3_43,9,0.224
,,00578.727840,B3_14,6,0.0212
,,00579.897280,B4_43,5,0.144
,,00579.808960,A6_22,5,0.11928
,,00580.273840,A6_21,41,0.42816
,,00580.232960,A6_22,26,0.56864
,,00581.024320,D1_42,10,0.17912
,,00581.830480,A6_22,10,0.17768
,,00582.075520,A2_34,6,0.14864
,,00582.382160,B3_32,5,0.07712
,,00582.787680,A2_21,5,0.0888
,,00585.219200,B3_32,16,0.1676
,,00585.346880,B3_42,6,0.03128
,,00585.546800,C3_12,6,0.03752
,,00585.526000,B3_32,7,0.026
,,00585.221520,B3_43,15,0.21184
,,00585.243440,B3_44,7,0.23232
,,00585.793040,A2_33,7,0.06352
,,00585.741040,A3_13,11,0.1212
,,00585.433840,A6_22,18,0.32304
,,00586.072640,B6_33,5,0.01408
,,00586.370960,A6_22,5,0.11256
,,00587.580720,A3_13,5,0.01208
,,00587.923360,C1_33,7,0.07368
,,00588.346960,A2_33,6,0.01664
,,00588.066000,B6_33,6,0.09312
,,00588.362560,A6_22,7,0.19544
,,00588.694320,A6_21,33,0.1556
,,00588.772400,C3_24,9,0.21472
,,00588.658800,A6_22,28,0.34872
,,00589.380320,A6_22,10,0.19216
,,00589.704480,D1_42,7,0.17784
,,00589.659280,B3_32,5,0.01224
,,00590.550080,A2_33,5,0.0664
,,00590.491920,B6_33,8,0.07152
,,00590.956800,A4_32,7,0.07224
,,00591.403840,A1_23,9,0.2904
,,00591.766800,B3_32,6,0.02504
,,00591.650240,A6_22,7,0.05136
,,00592.137520,A2_34,5,0.042
,,00593.333440,C2_11,5,0.17
,,00593.379680,C2_12,7,0.19664
,,00594.395200,A6_21,8,0.14976
,,00594.125920,A6_22,12,0.34824
,,00594.717760,A2_34,5,0.02528
,,00595.110960,A6_22,5,0.04568
,,00595.676240,A6_22,5,0.01168
,,00595.851120,B6_33,5,0.05776
,,00596.916000,B3_14,7,0.13336
,,00597.385120,B4_43,14,0.1392
,,00597.231840,A6_22,8,0.184

Well Information
Well,A1,A2,A3,A4,A5,A6,B1,B2,B3,B4,B5,B6,C1,C2,C3,C4,C5,C6,D1,D2,D3,D4,D5,D6
Active,True,True,True,True,True,True,True,True,True,True,True,True,True,True,True,True,True,True,True,True,True,True,True,True
Well Coloring,#FFADFF,#FFADFF,#FFADFF,#FFADFF,#FFADFF,#FFADFF,#FF87FF,#FF87FF,#FF87FF,#FF87FF,#FF87FF,#FF87FF,#FF60FF,#FF60FF,#FF60FF,#FF60FF,#FF60FF,#FF60FF,#FF13FF,#FF13FF,#FF13FF,#FF13FF,#FF13FF,#FF13FF
Control,False,False,False,False,False,False,False,False,False,False,False,False,False,False,False,False,False,False,False,False,False,False,False,False
Treatment,,,,,,,,,,,,,,,,,,,,,,,,
Concentration,,,,,,,,,,,,,,,,,,,,,,,,
Additional Information,45K cells per well,45K cells per well,45K cells per well,45K cells per well,45K cells per well,45K cells per well,90K cells poer well.,90K cells poer well.,90K cells poer well.,90K cells poer well.,90K cells poer well.,90K cells poer well.,130K cells per well,130K cells per well,130K cells per well,130K cells per well,130K cells per well,130K cells per well,180K cells poer well.,180K cells poer well.,180K cells poer well.,180K cells poer well.,180K cells poer well.,180K cells poer well.
