AxIS Spike File,C:\Users\Emily Gordon\OneDrive - Nexus365\DPhil OXION\DB Rotation\MEA Project\MEA Paper\MEA_paper_hippocampal_data_analysis\Maddy_WT Hippocampal Culture\Agonists challenge_25_04_23\WT hippocampal culture_22DIV_Agonists Challenge_25-04-2023(000).spk
File Type,24-well

Analysis Start,240.000000
Analysis End,360.000000
Active Electrode Criterion (spks/min), 5
Minimum Covered Resistance (kOhms),18
Remove Coincident Artifacts,False

Electrode Burst Settings,
    Algorithm,ISI Threshold,
    Min # of Spikes,5.000000
    Max ISI (ms),100.000000

Network Burst Settings,
    Algorithm,ISI Threshold,
    Min # of Spikes,50.000000
    Max ISI (ms),100.000000
    Min # of Electrodes (%),35.000000

Synchrony Settings,
    Synchrony Window,20.000000

Average Network Burst Analysis Settings,
    Number of network bursts vary by well
    Network Burst Window Start (ms),0.000000
    Network Burst Window End (ms),500.000000
    Bin Size (ms),1.000000

Well Averages,A1,A2,A3,A4,A5,A6,B1,B2,B3,B4,B5,B6,C1,C2,C3,C4,C5,C6,D1,D2,D3,D4,D5,D6,
Treatment/ID,CAP [100 nM],CAP [100 nM],AITC [1 µM],AITC [1 µM],KCl [1 mM],KCl [1 mM],CAP [1 µM],CAP [1 µM],AITC [10 µM],AITC [10 µM],KCl [10 mM],KCl [10 mM],CAP [10 µM],CAP [10 µM],AITC [100 µM],AITC [100 µM],KCl [50 mM],KCl [50 mM],CTRL,DMSO [0.01 %],CTRL,DMSO [0.01 %],CTRL,DMSO [0.01 %]
Activity Metrics
    Number of Spikes,3175.000000,2892.000000,5002.000000,1555.000000,857.000000,3288.000000,243.000000,334.000000,5799.000000,4090.000000,730.000000,7707.000000,1858.000000,1188.000000,961.000000,1575.000000,1855.000000,335.000000,5164.000000,3.000000,811.000000,2290.000000,754.000000,854.000000
    Mean Firing Rate (Hz),1.653646,1.506250,2.605208,0.809896,0.446354,1.712500,0.126562,0.173958,3.020313,2.130208,0.380208,4.014062,0.967708,0.618750,0.500521,0.820313,0.966146,0.174479,2.689583,0.001563,0.422396,1.192708,0.392708,0.444792
    ISI Coefficient of Variation - Avg,9.133620,3.439054,8.251552,5.306737,2.533985,4.635224,1.629101,3.329033,4.548971,3.408599,3.115546,4.127507,4.204458,1.939822,3.346082,4.195285,4.369579,2.450438,3.061549, ,2.285653,2.950647,6.062396,3.078105
    Number of Active Electrodes,12.000000,12.000000,15.000000,16.000000,14.000000,13.000000,2.000000,4.000000,16.000000,16.000000,7.000000,16.000000,13.000000,4.000000,16.000000,16.000000,13.000000,16.000000,10.000000,0.000000,6.000000,15.000000,3.000000,12.000000
    Weighted Mean Firing Rate (Hz),2.201389,2.005556,2.778889,0.809896,0.507143,2.094231,0.883333,0.693750,3.020313,2.130208,0.839286,4.014062,1.185897,2.468750,0.500521,0.820313,1.178205,0.174479,4.290000, ,1.108333,1.272222,2.061111,0.569444
Electrode Burst Metrics
    Number of Bursts,90.000000,122.000000,203.000000,65.000000,58.000000,119.000000,16.000000,18.000000,220.000000,173.000000,42.000000,430.000000,44.000000,35.000000,53.000000,66.000000,42.000000,16.000000,164.000000,0.000000,27.000000,81.000000,31.000000,26.000000
    Number of Bursting Electrodes,12.000000,12.000000,15.000000,16.000000,14.000000,16.000000,2.000000,3.000000,16.000000,16.000000,7.000000,16.000000,10.000000,4.000000,16.000000,16.000000,15.000000,16.000000,8.000000,0.000000,6.000000,15.000000,3.000000,16.000000
    Burst Duration - Avg (sec),0.304179,0.078374,0.157691,0.267052,0.099349,0.134549,0.045955,0.133590,0.152386,0.124424,0.090495,0.098986,0.307993,0.088039,0.091232,0.205221,0.190700,0.130790,0.165002, ,0.080460,0.214045,0.179246,0.135976
    Burst Duration - Std (sec),0.111278,0.034981,0.048066,0.086060,0.044525,0.057650,0.045983,0.049969,0.018829,0.058217,0.026849,0.029407,0.164730,0.070832,0.058775,0.207518,0.126787,0.027363,0.053218, ,0.038614,0.051647,0.038520,0.080962
    Number of Spikes per Burst - Avg,35.316576,18.702303,22.730684,29.780208,13.152800,17.859663,6.766667,13.880952,23.800027,17.958728,9.979592,16.421559,29.694762,8.137500,14.653846,26.882612,26.063492,17.437500,22.880024, ,9.927778,18.680808,25.390313,16.768750
    Number of Spikes per Burst - Std,32.239895,4.514217,10.905652,12.829978,3.856618,11.369665,1.084230,11.177221,8.542288,5.310623,2.782097,5.256234,26.138119,2.253654,3.934298,20.076541,22.401284,2.965777,11.718103, ,5.845052,14.078973,22.953342,18.364521
    Mean ISI within Burst - Avg (sec),0.015651,0.004748,0.010010,0.011666,0.007899,0.009106,0.008054,0.014524,0.007056,0.009406,0.010854,0.008230,0.017049,0.011535,0.006425,0.007545,0.008349,0.008040,0.010524, ,0.011380,0.015416,0.011172,0.012365
    Mean ISI within Burst - Std (sec),0.014885,0.001543,0.014735,0.004687,0.003237,0.004360,0.007589,0.011464,0.003338,0.006087,0.004327,0.006309,0.011091,0.009013,0.002781,0.002504,0.002367,0.001530,0.003748, ,0.007033,0.007110,0.006992,0.004862
    Median ISI within Burst - Avg (sec),0.010263,0.003126,0.008079,0.007057,0.004612,0.005695,0.006451,0.007632,0.003995,0.006136,0.006317,0.006052,0.011694,0.005154,0.004685,0.004437,0.004504,0.005013,0.006282, ,0.008975,0.007823,0.004387,0.007535
    Median ISI within Burst - Std (sec),0.015778,0.000501,0.018273,0.004571,0.001215,0.003915,0.005502,0.005775,0.001702,0.004970,0.003007,0.007263,0.011348,0.002658,0.002008,0.001226,0.001359,0.001181,0.002652, ,0.007334,0.004423,0.002503,0.003269
    Median/Mean ISI within Burst - Avg,0.560980,0.766279,0.707332,0.552622,0.655454,0.646104,0.838523,0.560875,0.657551,0.708828,0.609378,0.725142,0.640224,0.612629,0.751134,0.652973,0.566573,0.627372,0.592334, ,0.752522,0.529758,0.475487,0.610172
    Median/Mean ISI within Burst - Std,0.175348,0.114828,0.153920,0.132835,0.108834,0.152185,0.161019,0.156057,0.074919,0.127997,0.095114,0.140447,0.208814,0.291311,0.105890,0.188426,0.139717,0.103667,0.096183, ,0.189431,0.137855,0.188423,0.091800
    Inter-Burst Interval - Avg (sec),15.664070,12.856514,8.495058,8.759955,9.811621,7.824907,5.351703,13.115782,7.067251,6.395688,15.682296,9.251620,19.328531,8.965321,1.466243,9.931346,10.085094, ,8.600477, ,27.634424,8.718478,9.468876,6.894364
    Inter-Burst Interval - Std (sec),3.796979,4.159108,0.667203,5.456599,2.016063,3.068100,0.000000,3.561331,1.927660,4.460082,7.966591,12.137944,2.893604,3.656555,2.708669,13.667957,0.720198, ,7.015541, ,11.630147,1.790418,2.038822,7.556262
    Burst Frequency - Avg (Hz),0.062500,0.084722,0.112778,0.033854,0.034524,0.061979,0.066667,0.050000,0.114583,0.090104,0.050000,0.223958,0.036667,0.072917,0.027604,0.034375,0.023333,0.008333,0.170833, ,0.037500,0.045000,0.086111,0.013542
    Burst Frequency - Std (Hz),0.022332,0.026788,0.029859,0.037202,0.045510,0.055358,0.082496,0.014434,0.041667,0.080117,0.034021,0.291180,0.020108,0.032896,0.033294,0.044188,0.026011,0.000000,0.092475, ,0.012638,0.054808,0.019245,0.018727
    IBI Coefficient of Variation - Avg,1.670897,0.605875,1.569866,1.666274,0.712607,0.984403,0.423668,0.483956,0.536492,0.847765,0.619075,1.616700,0.591566,0.659059,0.709373,1.064471,0.785245, ,0.713458, ,0.840524,0.810905,0.811164,0.647724
    IBI Coefficient of Variation - Std,0.263302,0.150459,0.075835,0.240353,0.240903,0.169008,0.000000,0.125824,0.070257,0.277409,0.462727,0.369713,0.398431,0.483835,0.051129,0.351130,0.104116, ,0.207355, ,0.074147,0.134984,0.231115,0.000000
    Burst Percentage - Avg,71.201843,71.028869,92.186900,86.971854,86.443447,90.307950,12.490981,50.705882,92.156580,77.467358,29.170697,76.529139,52.462156,22.966481,93.367513,90.298649,98.025462,87.261805,47.025160,0.000000,34.604530,87.896320,49.411765,83.370866
    Burst Percentage - Std,41.779110,30.790299,21.967824,14.636712,25.248907,16.860328,23.438684,49.693089,12.182094,17.526835,36.213942,21.191128,43.727570,30.075182,9.513560,12.734306,3.532646,14.386018,40.905953,0.000000,32.938316,18.013268,54.143216,9.029330
Network Burst Metrics
    Number of Network Bursts,6.000000,11.000000,15.000000,9.000000,1.000000,12.000000,0.000000,0.000000,15.000000,17.000000,2.000000,39.000000,5.000000,0.000000,1.000000,6.000000,1.000000,1.000000,22.000000,0.000000,2.000000,10.000000,0.000000,1.000000
    Network Burst Frequency,0.050000,0.091667,0.125000,0.075000,0.008333,0.100000, , ,0.125000,0.141667,0.016667,0.325000,0.041667, ,0.008333,0.050000,0.008333,0.008333,0.183333, ,0.016667,0.083333, ,0.008333
    Network Burst Duration - Avg (sec),0.542533,0.260953,0.175691,0.433804,0.924080,0.271013, , ,0.280912,0.392235,0.490520,0.192394,0.543984, ,0.451760,0.297680,0.456160,0.282400,0.379949, ,0.236080,0.466584, ,0.135440
    Network Burst Duration - Std (sec),0.373175,0.159472,0.164283,0.307847, ,0.272624, , ,0.265066,0.913814,0.467878,0.199698,0.764339, , ,0.144289, , ,0.209372, ,0.014708,0.305278, , 
    Number of Spikes per Network Burst - Avg,526.666667,214.454545,332.666667,157.666667,306.000000,256.000000, , ,367.800000,197.764706,127.000000,133.794872,359.400000, ,445.000000,154.666667,302.000000,284.000000,190.727273, ,81.500000,205.700000, ,149.000000
    Number of Spikes per Network Burst - Std,363.006152,123.348582,218.129931,199.856824, ,208.564793, , ,313.809360,295.354983,31.112698,141.516445,403.346377, , ,161.234818, , ,100.682519, ,4.949747,121.107895, , 
    Mean ISI within Network Burst - Avg (sec),0.001067,0.001376,0.000494,0.004168,0.003030,0.001011, , ,0.000765,0.002036,0.003543,0.001485,0.001155, ,0.001017,0.002624,0.001515,0.000998,0.002285, ,0.002933,0.002205, ,0.000915
    Mean ISI within Network Burst - Std (sec),0.000152,0.000750,0.000127,0.001925, ,0.000402, , ,0.000374,0.004629,0.002839,0.000485,0.000440, , ,0.001019, , ,0.001473, ,0.000002,0.000607, , 
    Median ISI within Network Burst - Avg (sec),0.000400,0.000320,0.000243,0.001756,0.000480,0.000483, , ,0.000293,0.000612,0.001200,0.000815,0.000656, ,0.000240,0.001667,0.000400,0.000240,0.001296, ,0.001260,0.001272, ,0.000160
    Median ISI within Network Burst - Std (sec),0.000000,0.000124,0.000024,0.000756, ,0.000135, , ,0.000127,0.000735,0.000622,0.000266,0.000104, , ,0.000766, , ,0.000702, ,0.000028,0.000376, , 
    Median/Mean ISI within Network Burst - Avg,0.380995,0.287378,0.518821,0.422693,0.158428,0.515546, , ,0.410988,0.502141,0.395250,0.562055,0.605475, ,0.235877,0.595296,0.263942,0.240510,0.595332, ,0.429657,0.584401, ,0.174838
    Median/Mean ISI within Network Burst - Std,0.051236,0.177401,0.124604,0.089905, ,0.174392, , ,0.113820,0.166370,0.141054,0.119144,0.130578, , ,0.224996, , ,0.097575, ,0.009995,0.110801, , 
    Number of Elecs Participating in Burst - Avg,12.166667,12.090909,14.933333,8.555556,14.000000,9.666667, , ,14.866667,11.823529,12.000000,8.435897,12.000000, ,16.000000,7.666667,15.000000,15.000000,8.227273, ,7.000000,7.600000, ,15.000000
    Number of Elecs Participating in Burst - Std,0.408248,0.831209,0.258199,2.962731, ,2.146173, , ,0.516398,1.286239,5.656854,2.233653,1.732051, , ,3.614784, , ,1.601541, ,1.414214,2.674987, , 
    Number of Spikes per Network Burst per Channel - Avg,42.927350,17.434033,22.222222,15.267659,21.857143,26.507837, , ,24.543294,15.163508,11.218750,15.122031,28.304701, ,27.812500,17.497619,20.133333,18.933333,22.185847, ,11.812500,27.214881, ,9.933333
    Number of Spikes per Network Burst per Channel - Std,29.134962,9.788783,14.500896,11.016628, ,21.273113, , ,20.837312,18.144326,2.695845,11.549715,30.480031, , ,8.755844, , ,9.170453, ,1.679379,15.416495, , 
    Network Burst Percentage,99.527559,81.569848,99.760096,91.254019,35.705951,93.430657, , ,95.137093,82.200489,34.794521,67.704684,96.716900, ,46.305931,58.920635,16.280323,84.776119,81.254841, ,20.098644,89.825328, ,17.447307
    Network IBI Coefficient of Variation,1.192133,0.689827,1.555513,1.372707, ,0.769654, , ,0.462574,0.470024, ,1.634408,0.109803, , ,1.065986, , ,0.574111, , ,0.560789, , 
    Network Normalized Duration IQR,1.371566,1.055477,0.775860,0.447875, ,0.461230, , ,1.110292,0.689015, ,0.417548,2.578634, , ,0.914390, , ,0.684367, , ,1.156817, , 
Synchrony Metrics
    Area Under Normalized Cross-Correlation,0.465091,0.594023,0.705708,0.390258,0.296277,0.399545,0.073803,0.082497,0.713642,0.465382,0.187490,0.278525,0.274201,0.068996,0.468557,0.346474,0.187817,0.472266,0.154721,0.044544,0.119206,0.171961,0.067038,0.164261
    Area Under Cross-Correlation,5.967431,8.196250,16.578889,2.449444,0.738472,5.077014,0.024097,0.072153,17.404931,7.253681,0.349167,8.002708,1.880556,0.078611,1.400069,1.822639,1.599167,0.618889,3.678611,0.000069,0.188403,1.434583,0.197153,0.273194
    Full Width at Half Height of Normalized Cross-Correlation,10.000000,14.000000,14.000000,1.000000,9.000000,10.000000,9.000000,9.000000,11.000000,9.000000,8.000000,16.000000,14.000000,10.000000,6.000000,1.000000,4.000000,1.000000,6.000000,1.000000,6.000000,1.000000,13.000000,1.000000
    Full Width at Half Height of Cross-Correlation,37.000000,71.000000,55.000000,60.000000,63.000000,41.000000,12.000000,37.000000,46.000000,64.000000,28.000000,49.000000,51.000000,17.000000,43.000000,33.000000,149.000000,17.000000,112.000000,1.000000,11.000000,46.000000,110.000000,1.000000
    Synchrony Index,0.515850,0.698666,0.840623,0.679657,0.592721,0.492198,0.262446,0.320380,0.713148,0.623253,0.368031,0.502819,0.460345,0.240300,0.761862,0.627119,0.498238,0.760028,0.255219,0.330677,0.356882,0.468073,0.145113,0.657569
    Kreuz SPIKE Distance, , , , , , , , , , , , , , , , , , , , , , , , 
Average Network Burst Metrics
    Start Electrode,21.000000,13.000000,43.000000,12.000000,14.000000,12.000000, , ,44.000000,34.000000,13.000000,14.000000,11.000000, ,34.000000,11.000000,21.000000,12.000000,24.000000, ,23.000000,14.000000, ,14.000000
    Percent Bursts with Start Electrode,33.333333,27.272727,26.666667,33.333333,100.000000,41.666667, , ,33.333333,35.294118,50.000000,61.538462,40.000000, ,100.000000,83.333333,100.000000,100.000000,45.454545, ,50.000000,30.000000, ,100.000000
    Burst Peak (Max Spikes per sec),2666.666667,3272.727273,5000.000000,1666.666667,9000.000000,2250.000000, , ,4000.000000,2705.882353,3000.000000,1794.871795,3000.000000, ,10000.000000,2333.333333,7000.000000,10000.000000,1681.818182, ,2500.000000,2200.000000, ,10000.000000
    Time to Burst Peak (ms),277.500000,19.500000,36.500000,37.500000,199.500000,20.500000, , ,22.500000,18.500000,34.500000,23.500000,17.500000, ,92.500000,75.500000,18.500000,47.500000,3.500000, ,176.500000,70.500000, ,105.500000
Viability Metrics
    Resistance - Avg (kOhms),19.001829,25.823800,23.586866,10.978097,11.572681,17.713496,15.953517,15.117080,30.794862,23.595822,15.732292,26.364223,21.566129,20.544856,14.903985,17.726936,19.391738,14.193429,19.403108,6.301681,19.977207,16.063886,15.866070,11.876479
    Resistance - Std (kOhms),9.171407,10.239150,8.870906,3.097612,4.142400,10.531721,8.721347,8.919069,10.542024,9.404450,6.458570,12.638616,8.972156,12.854711,6.063084,7.197462,11.253721,6.196835,10.098997,0.175846,7.672660,8.458045,9.981657,5.491366
    Number of Covered Electrodes,6.000000,11.000000,10.000000,1.000000,1.000000,5.000000,4.000000,2.000000,13.000000,9.000000,4.000000,8.000000,7.000000,5.000000,2.000000,5.000000,6.000000,2.000000,8.000000,0.000000,7.000000,3.000000,3.000000,1.000000
    Weighted Mean Resistance (kOhms),27.656200,29.650098,27.516074,21.047131,22.710283,30.597143,26.703656,32.233893,33.568994,29.709661,24.677603,36.574281,29.165986,33.667134,27.825110,27.007871,29.694043,27.492517,27.520507, ,26.107283,30.360814,32.327354,30.229021

Measurement,A1_11,A1_12,A1_13,A1_14,A1_21,A1_22,A1_23,A1_24,A1_31,A1_32,A1_33,A1_34,A1_41,A1_42,A1_43,A1_44,A2_11,A2_12,A2_13,A2_14,A2_21,A2_22,A2_23,A2_24,A2_31,A2_32,A2_33,A2_34,A2_41,A2_42,A2_43,A2_44,A3_11,A3_12,A3_13,A3_14,A3_21,A3_22,A3_23,A3_24,A3_31,A3_32,A3_33,A3_34,A3_41,A3_42,A3_43,A3_44,A4_11,A4_12,A4_13,A4_14,A4_21,A4_22,A4_23,A4_24,A4_31,A4_32,A4_33,A4_34,A4_41,A4_42,A4_43,A4_44,A5_11,A5_12,A5_13,A5_14,A5_21,A5_22,A5_23,A5_24,A5_31,A5_32,A5_33,A5_34,A5_41,A5_42,A5_43,A5_44,A6_11,A6_12,A6_13,A6_14,A6_21,A6_22,A6_23,A6_24,A6_31,A6_32,A6_33,A6_34,A6_41,A6_42,A6_43,A6_44,B1_11,B1_12,B1_13,B1_14,B1_21,B1_22,B1_23,B1_24,B1_31,B1_32,B1_33,B1_34,B1_41,B1_42,B1_43,B1_44,B2_11,B2_12,B2_13,B2_14,B2_21,B2_22,B2_23,B2_24,B2_31,B2_32,B2_33,B2_34,B2_41,B2_42,B2_43,B2_44,B3_11,B3_12,B3_13,B3_14,B3_21,B3_22,B3_23,B3_24,B3_31,B3_32,B3_33,B3_34,B3_41,B3_42,B3_43,B3_44,B4_11,B4_12,B4_13,B4_14,B4_21,B4_22,B4_23,B4_24,B4_31,B4_32,B4_33,B4_34,B4_41,B4_42,B4_43,B4_44,B5_11,B5_12,B5_13,B5_14,B5_21,B5_22,B5_23,B5_24,B5_31,B5_32,B5_33,B5_34,B5_41,B5_42,B5_43,B5_44,B6_11,B6_12,B6_13,B6_14,B6_21,B6_22,B6_23,B6_24,B6_31,B6_32,B6_33,B6_34,B6_41,B6_42,B6_43,B6_44,C1_11,C1_12,C1_13,C1_14,C1_21,C1_22,C1_23,C1_24,C1_31,C1_32,C1_33,C1_34,C1_41,C1_42,C1_43,C1_44,C2_11,C2_12,C2_13,C2_14,C2_21,C2_22,C2_23,C2_24,C2_31,C2_32,C2_33,C2_34,C2_41,C2_42,C2_43,C2_44,C3_11,C3_12,C3_13,C3_14,C3_21,C3_22,C3_23,C3_24,C3_31,C3_32,C3_33,C3_34,C3_41,C3_42,C3_43,C3_44,C4_11,C4_12,C4_13,C4_14,C4_21,C4_22,C4_23,C4_24,C4_31,C4_32,C4_33,C4_34,C4_41,C4_42,C4_43,C4_44,C5_11,C5_12,C5_13,C5_14,C5_21,C5_22,C5_23,C5_24,C5_31,C5_32,C5_33,C5_34,C5_41,C5_42,C5_43,C5_44,C6_11,C6_12,C6_13,C6_14,C6_21,C6_22,C6_23,C6_24,C6_31,C6_32,C6_33,C6_34,C6_41,C6_42,C6_43,C6_44,D1_11,D1_12,D1_13,D1_14,D1_21,D1_22,D1_23,D1_24,D1_31,D1_32,D1_33,D1_34,D1_41,D1_42,D1_43,D1_44,D2_11,D2_12,D2_13,D2_14,D2_21,D2_22,D2_23,D2_24,D2_31,D2_32,D2_33,D2_34,D2_41,D2_42,D2_43,D2_44,D3_11,D3_12,D3_13,D3_14,D3_21,D3_22,D3_23,D3_24,D3_31,D3_32,D3_33,D3_34,D3_41,D3_42,D3_43,D3_44,D4_11,D4_12,D4_13,D4_14,D4_21,D4_22,D4_23,D4_24,D4_31,D4_32,D4_33,D4_34,D4_41,D4_42,D4_43,D4_44,D5_11,D5_12,D5_13,D5_14,D5_21,D5_22,D5_23,D5_24,D5_31,D5_32,D5_33,D5_34,D5_41,D5_42,D5_43,D5_44,D6_11,D6_12,D6_13,D6_14,D6_21,D6_22,D6_23,D6_24,D6_31,D6_32,D6_33,D6_34,D6_41,D6_42,D6_43,D6_44,
Activity Metrics
    Number of Spikes,135.000000,84.000000,420.000000,24.000000,551.000000,107.000000,468.000000,0.000000,197.000000,3.000000,161.000000,603.000000,324.000000,1.000000,96.000000,1.000000,303.000000,102.000000,257.000000,213.000000,344.000000,0.000000,0.000000,74.000000,1.000000,303.000000,332.000000,491.000000,3.000000,152.000000,143.000000,174.000000,267.000000,363.000000,530.000000,484.000000,242.000000,368.000000,129.000000,528.000000,197.000000,305.000000,45.000000,299.000000,120.000000,0.000000,551.000000,574.000000,34.000000,110.000000,33.000000,41.000000,118.000000,100.000000,78.000000,42.000000,203.000000,391.000000,39.000000,39.000000,168.000000,45.000000,46.000000,68.000000,14.000000,10.000000,302.000000,152.000000,184.000000,14.000000,14.000000,16.000000,0.000000,5.000000,13.000000,17.000000,76.000000,12.000000,14.000000,14.000000,388.000000,445.000000,15.000000,19.000000,621.000000,835.000000,12.000000,17.000000,265.000000,156.000000,6.000000,7.000000,8.000000,214.000000,230.000000,50.000000,0.000000,0.000000,0.000000,5.000000,0.000000,0.000000,0.000000,1.000000,1.000000,14.000000,198.000000,8.000000,0.000000,7.000000,0.000000,9.000000,0.000000,0.000000,0.000000,0.000000,0.000000,186.000000,0.000000,1.000000,40.000000,0.000000,0.000000,0.000000,39.000000,68.000000,0.000000,0.000000,134.000000,308.000000,39.000000,708.000000,360.000000,141.000000,301.000000,367.000000,462.000000,447.000000,399.000000,449.000000,36.000000,493.000000,680.000000,475.000000,145.000000,78.000000,26.000000,26.000000,382.000000,68.000000,24.000000,534.000000,222.000000,76.000000,426.000000,608.000000,34.000000,479.000000,747.000000,215.000000,10.000000,57.000000,123.000000,94.000000,243.000000,3.000000,3.000000,8.000000,1.000000,1.000000,4.000000,1.000000,112.000000,2.000000,2.000000,66.000000,373.000000,133.000000,18.000000,1835.000000,37.000000,46.000000,832.000000,91.000000,26.000000,24.000000,1257.000000,879.000000,20.000000,33.000000,256.000000,1847.000000,219.000000,82.000000,164.000000,0.000000,23.000000,17.000000,365.000000,11.000000,51.000000,27.000000,474.000000,11.000000,0.000000,23.000000,383.000000,8.000000,789.000000,63.000000,0.000000,155.000000,0.000000,1.000000,0.000000,0.000000,1.000000,0.000000,0.000000,178.000000,0.000000,0.000000,0.000000,1.000000,18.000000,28.000000,31.000000,26.000000,163.000000,31.000000,27.000000,417.000000,24.000000,33.000000,30.000000,30.000000,28.000000,27.000000,23.000000,25.000000,341.000000,47.000000,35.000000,33.000000,430.000000,44.000000,31.000000,33.000000,151.000000,32.000000,28.000000,207.000000,33.000000,62.000000,38.000000,30.000000,18.000000,9.000000,375.000000,14.000000,17.000000,21.000000,18.000000,8.000000,18.000000,0.000000,15.000000,240.000000,14.000000,19.000000,452.000000,617.000000,21.000000,24.000000,11.000000,18.000000,23.000000,44.000000,18.000000,18.000000,22.000000,19.000000,15.000000,16.000000,20.000000,27.000000,19.000000,20.000000,63.000000,9.000000,1.000000,0.000000,1108.000000,427.000000,10.000000,1084.000000,934.000000,0.000000,471.000000,145.000000,10.000000,896.000000,6.000000,0.000000,0.000000,0.000000,0.000000,0.000000,0.000000,1.000000,0.000000,1.000000,0.000000,0.000000,0.000000,0.000000,1.000000,0.000000,0.000000,0.000000,0.000000,0.000000,0.000000,0.000000,207.000000,0.000000,76.000000,0.000000,6.000000,308.000000,115.000000,52.000000,0.000000,7.000000,0.000000,40.000000,18.000000,18.000000,0.000000,368.000000,12.000000,11.000000,16.000000,25.000000,11.000000,780.000000,18.000000,166.000000,19.000000,383.000000,434.000000,11.000000,0.000000,105.000000,0.000000,8.000000,0.000000,467.000000,0.000000,0.000000,3.000000,0.000000,1.000000,0.000000,0.000000,0.000000,170.000000,0.000000,14.000000,13.000000,15.000000,19.000000,152.000000,10.000000,11.000000,21.000000,7.000000,9.000000,11.000000,15.000000,9.000000,9.000000,12.000000,527.000000
    Mean Firing Rate (Hz),1.125000,0.700000,3.500000,0.200000,4.591667,0.891667,3.900000,0.000000,1.641667,0.025000,1.341667,5.025000,2.700000,0.008333,0.800000,0.008333,2.525000,0.850000,2.141667,1.775000,2.866667,0.000000,0.000000,0.616667,0.008333,2.525000,2.766667,4.091667,0.025000,1.266667,1.191667,1.450000,2.225000,3.025000,4.416667,4.033333,2.016667,3.066667,1.075000,4.400000,1.641667,2.541667,0.375000,2.491667,1.000000,0.000000,4.591667,4.783333,0.283333,0.916667,0.275000,0.341667,0.983333,0.833333,0.650000,0.350000,1.691667,3.258333,0.325000,0.325000,1.400000,0.375000,0.383333,0.566667,0.116667,0.083333,2.516667,1.266667,1.533333,0.116667,0.116667,0.133333,0.000000,0.041667,0.108333,0.141667,0.633333,0.100000,0.116667,0.116667,3.233333,3.708333,0.125000,0.158333,5.175000,6.958333,0.100000,0.141667,2.208333,1.300000,0.050000,0.058333,0.066667,1.783333,1.916667,0.416667,0.000000,0.000000,0.000000,0.041667,0.000000,0.000000,0.000000,0.008333,0.008333,0.116667,1.650000,0.066667,0.000000,0.058333,0.000000,0.075000,0.000000,0.000000,0.000000,0.000000,0.000000,1.550000,0.000000,0.008333,0.333333,0.000000,0.000000,0.000000,0.325000,0.566667,0.000000,0.000000,1.116667,2.566667,0.325000,5.900000,3.000000,1.175000,2.508333,3.058333,3.850000,3.725000,3.325000,3.741667,0.300000,4.108333,5.666667,3.958333,1.208333,0.650000,0.216667,0.216667,3.183333,0.566667,0.200000,4.450000,1.850000,0.633333,3.550000,5.066667,0.283333,3.991667,6.225000,1.791667,0.083333,0.475000,1.025000,0.783333,2.025000,0.025000,0.025000,0.066667,0.008333,0.008333,0.033333,0.008333,0.933333,0.016667,0.016667,0.550000,3.108333,1.108333,0.150000,15.291667,0.308333,0.383333,6.933333,0.758333,0.216667,0.200000,10.475000,7.325000,0.166667,0.275000,2.133333,15.391667,1.825000,0.683333,1.366667,0.000000,0.191667,0.141667,3.041667,0.091667,0.425000,0.225000,3.950000,0.091667,0.000000,0.191667,3.191667,0.066667,6.575000,0.525000,0.000000,1.291667,0.000000,0.008333,0.000000,0.000000,0.008333,0.000000,0.000000,1.483333,0.000000,0.000000,0.000000,0.008333,0.150000,0.233333,0.258333,0.216667,1.358333,0.258333,0.225000,3.475000,0.200000,0.275000,0.250000,0.250000,0.233333,0.225000,0.191667,0.208333,2.841667,0.391667,0.291667,0.275000,3.583333,0.366667,0.258333,0.275000,1.258333,0.266667,0.233333,1.725000,0.275000,0.516667,0.316667,0.250000,0.150000,0.075000,3.125000,0.116667,0.141667,0.175000,0.150000,0.066667,0.150000,0.000000,0.125000,2.000000,0.116667,0.158333,3.766667,5.141667,0.175000,0.200000,0.091667,0.150000,0.191667,0.366667,0.150000,0.150000,0.183333,0.158333,0.125000,0.133333,0.166667,0.225000,0.158333,0.166667,0.525000,0.075000,0.008333,0.000000,9.233333,3.558333,0.083333,9.033333,7.783333,0.000000,3.925000,1.208333,0.083333,7.466667,0.050000,0.000000,0.000000,0.000000,0.000000,0.000000,0.000000,0.008333,0.000000,0.008333,0.000000,0.000000,0.000000,0.000000,0.008333,0.000000,0.000000,0.000000,0.000000,0.000000,0.000000,0.000000,1.725000,0.000000,0.633333,0.000000,0.050000,2.566667,0.958333,0.433333,0.000000,0.058333,0.000000,0.333333,0.150000,0.150000,0.000000,3.066667,0.100000,0.091667,0.133333,0.208333,0.091667,6.500000,0.150000,1.383333,0.158333,3.191667,3.616667,0.091667,0.000000,0.875000,0.000000,0.066667,0.000000,3.891667,0.000000,0.000000,0.025000,0.000000,0.008333,0.000000,0.000000,0.000000,1.416667,0.000000,0.116667,0.108333,0.125000,0.158333,1.266667,0.083333,0.091667,0.175000,0.058333,0.075000,0.091667,0.125000,0.075000,0.075000,0.100000,4.391667
    ISI Coefficient of Variation,7.942503,6.242677,12.067058,2.735086,12.040090,6.035013,14.858581, ,8.237349, ,8.688555,14.459528,10.589920, ,5.707082, ,3.526657,2.836937,2.656585,4.512278,4.253799, , ,2.828302, ,3.266690,3.273156,3.040221, ,2.910623,3.997363,4.166039,7.149869,9.272265,10.631780,10.153597,7.558129,9.337854,5.475480,10.612574,6.803511,8.495435,3.135328,7.961185,5.279226, ,10.839562,11.067481,1.827634,6.127589,1.550055,6.160124,6.318744,5.489697,5.107441,1.893276,8.291610,11.555025,1.919581,6.134131,6.488284,1.821299,6.582591,7.640716,3.595334,1.106565,5.145162,3.404860,3.873664,1.480582,3.587266,0.462958, , ,3.445720,0.584843,2.882669,2.233801,1.178586,2.493786,6.268630,6.712856,0.964764,2.387027,7.952873,4.952406,3.277319,3.931777,5.968223,4.829284, , , ,4.843911,5.553732,2.615108, , , , , , , , , ,1.401525,1.856676, , , , , , , , , , ,5.755965, , ,2.516883, , , ,1.634501,3.408783, , ,3.275693,4.949651,3.142758,5.911474,4.888482,3.274708,4.724794,4.963916,5.804353,5.097914,4.893824,5.087300,1.742914,5.607850,5.650908,3.766995,3.063763,2.198749,4.967583,2.029152,3.063204,2.594047,3.033191,4.712274,3.037977,2.041979,3.969321,3.657878,5.669946,4.205507,3.431812,2.861202,1.167086,2.119188,2.813298,4.124012,5.903181, , , , , , , ,3.040075, , ,2.641980,6.735626,4.282125,2.502235,6.994043,2.265127,2.923269,6.190012,2.464312,2.970973,1.335808,5.578962,5.903403,4.183003,2.496857,4.598351,4.616000,5.456697,3.961483,6.145934, ,2.694348,1.772017,7.421327,1.702415,4.152629,2.133977,8.469809,1.269151, ,1.871921,7.606247, ,0.817135,2.358232, ,3.017237, , , , , , , ,1.566683, , , , ,3.178998,2.787838,2.526475,4.928944,3.551447,3.600034,3.341900,3.640580,3.408667,3.841927,3.482548,3.395234,3.349671,2.599778,2.605877,3.297388,4.836555,3.424191,5.427362,5.630693,5.581919,4.443344,3.040190,2.997028,3.619257,2.826861,2.754737,12.290114,2.909110,2.226492,2.137066,2.979636,4.079339, ,7.767245,0.398162,1.452357,1.382795,1.956214, ,1.363674, ,1.172650,7.480712,3.567575,4.188862,10.078844,11.916105,2.173844,0.831339,1.273684,1.594138,4.218809,1.500954,2.015428,2.172921,3.722486,4.148948,1.735588,2.067457,3.906766,2.376237,1.992884,3.475533,3.612785, , , ,3.881851,3.117065,1.139389,4.775777,3.672946, ,2.171894,2.079412,1.213226,4.951140, , , , , , , , , , , , , , , , , , , , , , ,1.707126, ,1.323057, , ,1.399102,3.089413,3.364769, , , ,2.830449,1.520161,1.136287, ,2.161602,1.423424,1.603104,1.039030,0.912559,2.626129,9.037907,2.265435,4.182397,1.839461,6.448130,6.870642,1.193434, ,4.107197, , , ,8.845539, , , , , , , , ,5.234452, ,2.103441,2.107770,2.217209,2.242155,8.078550,1.684754,3.122303,2.291899, , ,3.126108,1.931417, , ,2.006620,6.025028
Electrode Burst Metrics
    Number of Bursts,8.000000,6.000000,7.000000,1.000000,7.000000,10.000000,7.000000,0.000000,10.000000,0.000000,10.000000,6.000000,11.000000,0.000000,7.000000,0.000000,12.000000,7.000000,9.000000,10.000000,14.000000,0.000000,0.000000,8.000000,0.000000,11.000000,14.000000,16.000000,0.000000,7.000000,7.000000,7.000000,14.000000,15.000000,15.000000,15.000000,15.000000,14.000000,13.000000,15.000000,12.000000,15.000000,1.000000,14.000000,15.000000,0.000000,15.000000,15.000000,1.000000,5.000000,1.000000,1.000000,8.000000,6.000000,2.000000,1.000000,10.000000,15.000000,1.000000,1.000000,10.000000,1.000000,1.000000,1.000000,1.000000,1.000000,13.000000,16.000000,12.000000,1.000000,1.000000,1.000000,0.000000,0.000000,1.000000,1.000000,7.000000,1.000000,1.000000,1.000000,16.000000,15.000000,1.000000,1.000000,16.000000,17.000000,1.000000,2.000000,12.000000,11.000000,1.000000,1.000000,1.000000,11.000000,11.000000,2.000000,0.000000,0.000000,0.000000,0.000000,0.000000,0.000000,0.000000,0.000000,0.000000,1.000000,15.000000,0.000000,0.000000,0.000000,0.000000,0.000000,0.000000,0.000000,0.000000,0.000000,0.000000,7.000000,0.000000,0.000000,4.000000,0.000000,0.000000,0.000000,0.000000,7.000000,0.000000,0.000000,13.000000,15.000000,2.000000,16.000000,15.000000,12.000000,15.000000,17.000000,17.000000,16.000000,16.000000,16.000000,1.000000,15.000000,18.000000,16.000000,7.000000,3.000000,1.000000,2.000000,18.000000,2.000000,2.000000,23.000000,8.000000,3.000000,21.000000,23.000000,1.000000,19.000000,28.000000,12.000000,0.000000,3.000000,7.000000,6.000000,14.000000,0.000000,0.000000,1.000000,0.000000,0.000000,0.000000,0.000000,5.000000,0.000000,0.000000,6.000000,20.000000,6.000000,1.000000,76.000000,1.000000,3.000000,61.000000,2.000000,1.000000,1.000000,80.000000,71.000000,1.000000,1.000000,14.000000,91.000000,5.000000,6.000000,5.000000,0.000000,1.000000,0.000000,7.000000,0.000000,4.000000,1.000000,8.000000,0.000000,0.000000,2.000000,5.000000,0.000000,10.000000,3.000000,0.000000,12.000000,0.000000,0.000000,0.000000,0.000000,0.000000,0.000000,0.000000,10.000000,0.000000,0.000000,0.000000,0.000000,1.000000,1.000000,2.000000,2.000000,13.000000,2.000000,2.000000,14.000000,2.000000,2.000000,2.000000,2.000000,2.000000,2.000000,2.000000,2.000000,13.000000,3.000000,1.000000,1.000000,16.000000,3.000000,2.000000,2.000000,15.000000,2.000000,2.000000,2.000000,1.000000,1.000000,1.000000,1.000000,1.000000,1.000000,9.000000,1.000000,1.000000,1.000000,1.000000,1.000000,1.000000,0.000000,1.000000,8.000000,1.000000,1.000000,7.000000,7.000000,1.000000,1.000000,1.000000,1.000000,1.000000,1.000000,1.000000,1.000000,1.000000,1.000000,1.000000,1.000000,1.000000,1.000000,1.000000,1.000000,6.000000,0.000000,0.000000,0.000000,23.000000,16.000000,0.000000,38.000000,23.000000,0.000000,27.000000,5.000000,0.000000,26.000000,0.000000,0.000000,0.000000,0.000000,0.000000,0.000000,0.000000,0.000000,0.000000,0.000000,0.000000,0.000000,0.000000,0.000000,0.000000,0.000000,0.000000,0.000000,0.000000,0.000000,0.000000,0.000000,6.000000,0.000000,2.000000,0.000000,0.000000,6.000000,4.000000,4.000000,0.000000,0.000000,0.000000,5.000000,1.000000,1.000000,0.000000,11.000000,1.000000,1.000000,1.000000,1.000000,1.000000,12.000000,1.000000,16.000000,1.000000,16.000000,16.000000,1.000000,0.000000,9.000000,0.000000,0.000000,0.000000,9.000000,0.000000,0.000000,0.000000,0.000000,0.000000,0.000000,0.000000,0.000000,13.000000,0.000000,1.000000,1.000000,1.000000,1.000000,2.000000,1.000000,1.000000,1.000000,1.000000,1.000000,1.000000,1.000000,1.000000,1.000000,1.000000,10.000000
    Burst Duration - Avg (sec),0.265830,0.302373,0.410389,0.227600,0.430537,0.160160,0.420389, ,0.223960, ,0.229536,0.514827,0.214116, ,0.250434, ,0.074160,0.069337,0.064018,0.061832,0.099851, , ,0.034040, ,0.072444,0.065063,0.178170, ,0.073017,0.063783,0.084777,0.159080,0.144592,0.164272,0.158768,0.121525,0.159314,0.118215,0.162352,0.165527,0.143365,0.312720,0.156080,0.087520, ,0.154805,0.157227,0.313920,0.119552,0.333040,0.340160,0.125330,0.119947,0.226360,0.328080,0.323320,0.250997,0.328000,0.200400,0.232920,0.341680,0.342560,0.346560,0.065120,0.085040,0.174714,0.082195,0.191607,0.118160,0.063440,0.068000, , ,0.065920,0.079760,0.153977,0.058080,0.114800,0.070080,0.157540,0.178875,0.108000,0.092080,0.175460,0.188216,0.070000,0.043800,0.198193,0.185287,0.051520,0.062240,0.116000,0.207964,0.192247,0.125360, , , , , , , , , ,0.013440,0.078469, , , , , , , , , , ,0.185086, , ,0.130380, , , , ,0.085303, , ,0.142529,0.138256,0.115360,0.177640,0.158933,0.138067,0.141563,0.135878,0.175167,0.140380,0.146725,0.151910,0.175680,0.157515,0.185356,0.157215,0.166343,0.139707,0.094560,0.090200,0.199018,0.292160,0.050920,0.087203,0.153650,0.105227,0.088343,0.087270,0.132960,0.122042,0.094054,0.087127, ,0.085867,0.047543,0.079827,0.106143, , ,0.090640, , , , ,0.136208, , ,0.087240,0.087660,0.069533,0.092240,0.107528,0.084240,0.092080,0.093672,0.201360,0.083280,0.111840,0.083830,0.078756,0.102800,0.101520,0.095931,0.097502,0.475536,0.329813,0.493408, ,0.098000, ,0.379600, ,0.185820,0.137200,0.342790, , ,0.110880,0.526880, ,0.178568,0.012187, ,0.058400, , , , , , , ,0.103000, , , , ,0.075280,0.128320,0.115360,0.068400,0.093772,0.070200,0.072720,0.299217,0.057800,0.066600,0.072400,0.079720,0.068240,0.059200,0.063080,0.069400,0.166111,0.068000,0.302560,0.313760,0.179230,0.079013,0.067720,0.071600,0.087269,0.079000,0.071080,0.883080,0.137040,0.326560,0.334000,0.117520,0.144000,0.038960,0.477742,0.059920,0.150480,0.142720,0.167280,0.066240,0.150880, ,0.177520,0.273570,0.121680,0.149920,0.345440,0.394149,0.136800,0.138720,0.069840,0.212400,0.139280,0.136640,0.123600,0.121520,0.124000,0.128000,0.133280,0.117440,0.129200,0.114800,0.134160,0.132960,0.081853, , , ,0.226657,0.173995, ,0.139128,0.227329, ,0.120610,0.141344, ,0.209102, , , , , , , , , , , , , , , , , , , , , , ,0.038213, ,0.064880, , ,0.120133,0.136200,0.057160, , , ,0.066176,0.222640,0.208080, ,0.211593,0.205760,0.180800,0.201280,0.228960,0.206160,0.356647,0.177760,0.142210,0.175680,0.197925,0.198535,0.296640, ,0.188151, , , ,0.212533, , , , , , , , ,0.137052, ,0.108080,0.108400,0.107600,0.135360,0.419840,0.107440,0.104640,0.133120,0.104320,0.093280,0.104640,0.104320,0.111920,0.104080,0.111440,0.217136
    Burst Duration - Std (sec),0.279429,0.235134,0.402002, ,0.401789,0.196688,0.404260, ,0.265860, ,0.255891,0.373613,0.258448, ,0.264152, ,0.050750,0.012524,0.027653,0.026948,0.094522, , ,0.015665, ,0.035937,0.050315,0.165097, ,0.023703,0.016592,0.028897,0.157177,0.174248,0.166030,0.169824,0.166651,0.172506,0.159698,0.165027,0.174918,0.167171, ,0.171013,0.117748, ,0.170155,0.165721, ,0.068469, , ,0.097954,0.105503,0.168631, ,0.334194,0.302671, , ,0.226028, , , , , ,0.256210,0.068322,0.256130, , , , , , , ,0.220786, , , ,0.187896,0.218055, , ,0.224561,0.218376, ,0.037166,0.248369,0.189913, , , ,0.205402,0.207149,0.030886, , , , , , , , , , ,0.023879, , , , , , , , , , ,0.083113, , ,0.069565, , , , ,0.069933, , ,0.146434,0.169138,0.108046,0.241295,0.177664,0.155776,0.168787,0.158654,0.226200,0.164283,0.235657,0.233546, ,0.238734,0.230872,0.235576,0.149631,0.118308, ,0.100975,0.253648,0.267117,0.049837,0.149120,0.152148,0.055761,0.154667,0.148526, ,0.235679,0.142954,0.071105, ,0.062000,0.040056,0.037936,0.105720, , , , , , , ,0.126800, , ,0.080343,0.079061,0.068952, ,0.152604, ,0.034836,0.120803,0.161333, , ,0.093847,0.093703, , ,0.065984,0.089757,0.384373,0.233222,0.775329, , , ,0.676391, ,0.107155, ,0.633008, , ,0.020025,0.765560, ,0.084654,0.001296, ,0.042151, , , , , , , ,0.063769, , , , , , ,0.114834,0.075689,0.050298,0.077216,0.072068,0.156378,0.047235,0.067260,0.057700,0.073935,0.040842,0.062225,0.048366,0.043049,0.118434,0.043901, , ,0.107228,0.057969,0.062848,0.066638,0.057394,0.081515,0.066242,1.196481, , , , , , ,0.402686, , , , , , , , ,0.158564, , ,0.114191,0.096238, , , , , , , , , , , , , , , , ,0.049112, , , ,0.101935,0.087023, ,0.175736,0.097972, ,0.086288,0.115650, ,0.136623, , , , , , , , , , , , , , , , , , , , , , ,0.038165, ,0.009390, , ,0.057460,0.062772,0.032694, , , ,0.030957, , , ,0.203092, , , , , ,0.298748, ,0.094648, ,0.159881,0.154923, , ,0.024946, , , ,0.024931, , , , , , , , ,0.078034, , , , , ,0.435578, , , , , , , , , , ,0.097647
    Number of Spikes per Burst - Avg,15.750000,12.000000,59.714286,5.000000,78.571429,9.200000,66.857143, ,19.300000, ,15.800000,100.333333,29.272727, ,12.000000, ,21.083333,13.000000,21.222222,20.200000,20.857143, , ,7.125000, ,21.636364,19.785714,22.375000, ,16.571429,18.571429,22.000000,18.500000,23.933333,35.266667,32.000000,15.866667,26.000000,9.076923,35.066667,15.583333,20.333333,6.000000,21.000000,7.466667, ,36.666667,38.200000,34.000000,12.600000,33.000000,38.000000,10.750000,12.666667,25.000000,42.000000,17.900000,26.066667,39.000000,34.000000,14.500000,45.000000,45.000000,47.000000,13.000000,10.000000,22.615385,8.000000,14.666667,14.000000,13.000000,16.000000, , ,12.000000,17.000000,7.857143,10.000000,14.000000,12.000000,24.000000,29.400000,15.000000,15.000000,38.687500,43.235294,11.000000,7.500000,21.750000,13.363636,5.000000,7.000000,8.000000,18.454545,20.363636,8.000000, , , , , , , , , ,6.000000,7.533333, , , , , , , , , , ,26.571429, , ,5.500000, , , , ,9.571429, , ,9.461538,19.866667,19.500000,42.437500,21.666667,9.916667,19.666667,20.941176,27.058824,27.250000,24.437500,27.562500,18.000000,31.666667,36.055556,25.312500,16.285714,11.666667,22.000000,13.000000,14.666667,23.000000,12.000000,22.695652,17.000000,14.666667,19.000000,13.869565,30.000000,22.631579,22.357143,12.500000, ,10.333333,9.714286,12.500000,14.642857, , ,7.000000, , , , ,8.000000, , ,7.666667,14.200000,10.166667,17.000000,22.802632,22.000000,11.000000,11.885246,14.000000,22.000000,24.000000,13.937500,11.450704,19.000000,23.000000,8.071429,18.230769,41.400000,11.833333,32.400000, ,6.000000, ,51.714286, ,8.750000,5.000000,59.250000, , ,5.000000,75.600000, ,9.100000,5.000000, ,10.250000, , , , , , , ,8.200000, , , , ,14.000000,19.000000,15.000000,12.500000,10.461538,15.500000,13.500000,27.000000,12.000000,16.500000,15.000000,15.000000,12.500000,13.000000,11.000000,12.500000,24.538462,11.000000,33.000000,32.000000,26.250000,12.333333,15.500000,16.500000,9.000000,16.000000,14.000000,94.000000,29.000000,33.000000,38.000000,26.000000,17.000000,8.000000,41.666667,14.000000,17.000000,21.000000,18.000000,8.000000,18.000000, ,15.000000,30.000000,13.000000,18.000000,64.428571,87.857143,19.000000,24.000000,11.000000,18.000000,21.000000,20.000000,16.000000,17.000000,19.000000,17.000000,14.000000,15.000000,17.000000,17.000000,18.000000,16.000000,8.666667, , , ,39.173913,22.375000, ,24.789474,34.739130, ,10.703704,11.400000, ,31.192308, , , , , , , , , , , , , , , , , , , , , , ,10.666667, ,6.000000, , ,6.500000,21.000000,10.000000, , , ,5.400000,10.000000,18.000000, ,17.545455,12.000000,11.000000,16.000000,25.000000,9.000000,64.916667,13.000000,9.687500,12.000000,23.937500,27.125000,11.000000, ,11.666667, , , ,51.888889, , , , , , , , ,12.615385, ,11.000000,11.000000,13.000000,18.000000,72.500000,8.000000,8.000000,19.000000,6.000000,7.000000,7.000000,12.000000,7.000000,7.000000,11.000000,50.800000
    Number of Spikes per Burst - Std,9.794313,7.155418,50.065671, ,64.497693,5.613476,57.548323, ,12.175111, ,9.908470,70.636157,27.957435, ,6.557439, ,12.507876,2.645751,9.795124,9.863513,14.490618, , ,1.246423, ,12.706477,13.388736,16.423053, ,2.225395,5.593363,4.163332,10.486255,17.958152,22.945484,20.230811,12.082258,15.511782,5.122850,21.525621,7.561365,12.765280, ,12.649111,3.440653, ,27.372214,26.460753, ,13.740451, , ,10.306032,15.920637,28.284271, ,12.041133,21.815678, , ,12.483322, , , , , ,19.504437,4.381780,9.920899, , , , , , , ,5.984106, , , ,18.991226,24.365667, , ,36.671004,42.766122, ,3.535534,14.623300,7.311262, , , ,11.656446,15.951631,1.414214, , , , , , , , , , ,3.181793, , , , , , , , , , ,5.255383, , ,1.000000, , , , ,2.149197, , ,5.425486,13.059570,20.506097,42.412213,14.089848,7.140898,14.370936,17.404994,19.523930,21.825062,21.676312,25.136875, ,30.042034,38.672794,25.932525,18.034359,10.692677, ,9.899495,21.709309,25.455844,9.899495,28.528191,21.354157,14.153916,22.711231,21.000659, ,31.993420,29.787164,6.127435, ,5.033223,7.476949,4.086563,11.181077, , , , , , , ,3.674235, , ,2.250926,14.384202,6.853223, ,32.593259, ,8.660254,13.548799,9.899495, , ,12.755087,10.313360, , ,5.622267,12.774173,30.509015,4.996666,33.923443, , , ,73.149879, ,2.500000, ,95.326132, , ,0.000000,85.690139, ,3.900142,0.000000, ,4.882715, , , , , , , ,2.616189, , , , , , ,11.313708,10.606602,3.596651,14.849242,7.778175,17.672229,9.899495,14.849242,11.313708,9.899495,3.535534,9.899495,8.485281,7.778175,21.484938,7.810250, , ,9.602083,11.015141,10.606602,13.435029,3.741657,12.727922,8.485281,125.865007, , , , , , ,32.687918, , , , , , , , ,11.263088, , ,16.328474,15.784260, , , , , , , , , , , , , , , , ,3.141125, , , ,21.609451,13.573872, ,26.831968,18.577155, ,5.756701,2.607681, ,22.317740, , , , , , , , , , , , , , , , , , , , , , ,8.406347, ,1.414214, , ,2.073644,5.597619,4.690416, , , ,0.894427, , , ,13.471181, , , , , ,42.508734, ,3.321019, ,15.796492,13.661991, , ,2.179449, , , ,4.196559, , , , , , , , ,3.969435, , , , , ,81.317280, , , , , , , , , , ,8.162244
    Mean ISI within Burst - Avg (sec),0.014359,0.028582,0.006028,0.056900,0.004950,0.018956,0.005630, ,0.009364, ,0.013337,0.005288,0.006198, ,0.018222, ,0.004326,0.005928,0.003362,0.003502,0.004825, , ,0.005740, ,0.004689,0.003432,0.008834, ,0.004678,0.003692,0.003963,0.007871,0.005116,0.004225,0.004267,0.006064,0.005152,0.010759,0.004199,0.009329,0.005880,0.062544,0.006341,0.010998, ,0.003699,0.003701,0.009513,0.016635,0.010408,0.009194,0.017916,0.015135,0.017317,0.008002,0.017952,0.007802,0.008632,0.006073,0.019002,0.007765,0.007785,0.007534,0.005427,0.009449,0.005940,0.010887,0.011281,0.009089,0.005287,0.004533, , ,0.005993,0.004985,0.016056,0.006453,0.008831,0.006371,0.005834,0.005233,0.007714,0.006577,0.003898,0.004743,0.007000,0.006083,0.007207,0.013631,0.012880,0.010373,0.016571,0.010731,0.008485,0.018737, , , , , , , , , ,0.002688,0.013420, , , , , , , , , , ,0.006950, , ,0.027713, , , , ,0.008910, , ,0.015238,0.005874,0.007775,0.003884,0.006236,0.014248,0.006215,0.006085,0.005990,0.005020,0.005189,0.004904,0.010334,0.004837,0.005045,0.006017,0.013313,0.014550,0.004503,0.006133,0.023897,0.018923,0.004353,0.003472,0.010949,0.014822,0.004261,0.007653,0.004585,0.006972,0.004446,0.007666, ,0.009486,0.005616,0.007189,0.008987, , ,0.015107, , , , ,0.017703, , ,0.011894,0.007644,0.006854,0.005765,0.004871,0.004011,0.013344,0.007859,0.028469,0.003966,0.004863,0.005838,0.006300,0.005711,0.004615,0.015896,0.005670,0.011339,0.028409,0.010312, ,0.019600, ,0.005011, ,0.023827,0.034300,0.004836, , ,0.027720,0.005131, ,0.023184,0.003047, ,0.006021, , , , , , , ,0.013890, , , , ,0.005791,0.007129,0.007314,0.005068,0.010056,0.004446,0.004990,0.015286,0.005583,0.004099,0.005206,0.005103,0.005655,0.004236,0.006650,0.006183,0.009719,0.007943,0.009455,0.010121,0.006886,0.009712,0.004212,0.004414,0.010585,0.004627,0.004835,0.009380,0.004894,0.010205,0.009027,0.004701,0.009000,0.005566,0.010708,0.004609,0.009405,0.007136,0.009840,0.009463,0.008875, ,0.012680,0.008873,0.010140,0.008819,0.005470,0.004656,0.007600,0.006031,0.006984,0.012494,0.006964,0.007192,0.008240,0.007595,0.006889,0.008000,0.010252,0.008389,0.008075,0.007175,0.007892,0.008864,0.010049, , , ,0.009240,0.014488, ,0.005294,0.008693, ,0.013077,0.016195, ,0.007152, , , , , , , , , , , , , , , , , , , , , , ,0.003530, ,0.013240, , ,0.022315,0.006969,0.006472, , , ,0.015752,0.024738,0.012240, ,0.011799,0.018705,0.018080,0.013419,0.009540,0.025770,0.005039,0.014813,0.016190,0.015971,0.008324,0.006947,0.029664, ,0.018161, , , ,0.004177, , , , , , , , ,0.011179, ,0.010808,0.010840,0.008967,0.007962,0.006815,0.015349,0.014949,0.007396,0.020864,0.015547,0.017440,0.009484,0.018653,0.017347,0.011144,0.004272
    Mean ISI within Burst - Std (sec),0.007967,0.017540,0.002652, ,0.001624,0.012480,0.001934, ,0.006252, ,0.008699,0.000961,0.002451, ,0.012638, ,0.004224,0.001257,0.000641,0.001187,0.002505, , ,0.002936, ,0.004323,0.000987,0.005722, ,0.001408,0.000458,0.000800,0.003545,0.002234,0.001275,0.001715,0.003526,0.002392,0.008284,0.001535,0.006120,0.002883, ,0.003065,0.012099, ,0.001209,0.001077, ,0.014703, , ,0.017738,0.015294,0.013382, ,0.009500,0.004122, , ,0.021147, , , , , ,0.002879,0.006296,0.006368, , , , , , , ,0.013894, , , ,0.003014,0.001750, , ,0.001290,0.002797, ,0.002409,0.004935,0.011573, , , ,0.005265,0.003517,0.008198, , , , , , , , , , ,0.004689, , , , , , , , , , ,0.002053, , ,0.007715, , , , ,0.005229, , ,0.010875,0.003180,0.002778,0.001110,0.003515,0.011535,0.002544,0.002065,0.003241,0.002839,0.003089,0.002753, ,0.002145,0.001780,0.002868,0.005750,0.002473, ,0.003355,0.030802,0.009754,0.000613,0.000892,0.003573,0.015549,0.001668,0.006561, ,0.011094,0.002365,0.004281, ,0.005266,0.004139,0.003482,0.008803, , , , , , , ,0.008260, , ,0.007544,0.005000,0.002088, ,0.002366, ,0.009861,0.005220,0.034089, , ,0.003176,0.003372, , ,0.010621,0.003280,0.006609,0.013597,0.007187, , , ,0.002172, ,0.009666, ,0.001274, , ,0.005006,0.002349, ,0.010841,0.000324, ,0.002387, , , , , , , ,0.006542, , , , , , ,0.002292,0.001907,0.003712,0.000772,0.002661,0.012747,0.000731,0.000412,0.000086,0.001673,0.001813,0.001691,0.000806,0.000439,0.005747,0.005590, , ,0.002018,0.009016,0.001253,0.000473,0.004593,0.001508,0.001940,0.000170, , , , , , ,0.003987, , , , , , , , ,0.003362, , ,0.001142,0.001399, , , , , , , , , , , , , , , , ,0.004343, , , ,0.013609,0.014027, ,0.003529,0.006665, ,0.008515,0.018389, ,0.002619, , , , , , , , , , , , , , , , , , , , , , ,0.001043, ,0.001867, , ,0.010808,0.002654,0.002890, , , ,0.008501, , , ,0.005327, , , , , ,0.001475, ,0.008757, ,0.002130,0.002438, , ,0.004165, , , ,0.000384, , , , , , , , ,0.004649, , , , , ,0.001659, , , , , , , , , , ,0.001347
    Median ISI within Burst - Avg (sec),0.004130,0.017600,0.002829,0.057720,0.002714,0.008984,0.002726, ,0.002840, ,0.003260,0.002673,0.003451, ,0.014234, ,0.002720,0.004297,0.003107,0.002912,0.002854, , ,0.003905, ,0.002975,0.002620,0.002990, ,0.003394,0.002851,0.002891,0.003791,0.002979,0.002888,0.002725,0.003827,0.002843,0.003843,0.002875,0.004030,0.003245,0.074080,0.003223,0.005432, ,0.002731,0.002669,0.003760,0.011968,0.004040,0.004560,0.014275,0.014507,0.010880,0.003760,0.008120,0.003424,0.004080,0.003680,0.014856,0.003720,0.003880,0.003400,0.003280,0.006640,0.003123,0.006415,0.005430,0.004880,0.004080,0.003840, , ,0.003760,0.004200,0.006686,0.003760,0.004160,0.004320,0.003160,0.003285,0.004000,0.004440,0.002835,0.003176,0.004440,0.003680,0.003297,0.011600,0.006200,0.005720,0.017920,0.005356,0.004905,0.007100, , , , , , , , , ,0.002560,0.010341, , , , , , , , , , ,0.004766, , ,0.014280, , , , ,0.003851, , ,0.009160,0.003099,0.005720,0.002960,0.003181,0.004223,0.003168,0.003308,0.003167,0.003018,0.003600,0.003055,0.006400,0.003237,0.003131,0.003495,0.008691,0.008267,0.003760,0.003800,0.022991,0.009220,0.003820,0.002743,0.005610,0.006373,0.002861,0.003249,0.003920,0.005743,0.003307,0.003827, ,0.004653,0.003091,0.003813,0.006254, , ,0.007240, , , , ,0.012096, , ,0.007073,0.002966,0.005460,0.004600,0.003002,0.003760,0.007427,0.003188,0.032400,0.003120,0.003200,0.003077,0.003325,0.004560,0.003960,0.009597,0.003187,0.004144,0.027287,0.003536, ,0.004720, ,0.002823, ,0.015720,0.032280,0.003035, , ,0.020360,0.003040, ,0.009028,0.002973, ,0.004263, , , , , , , ,0.004352, , , , ,0.005040,0.005760,0.003520,0.003740,0.007126,0.004100,0.003420,0.011211,0.004240,0.003360,0.003880,0.003960,0.003980,0.003200,0.004520,0.003900,0.005572,0.004853,0.003960,0.004000,0.003940,0.008147,0.003600,0.003380,0.003699,0.003780,0.003960,0.006060,0.003640,0.004320,0.003920,0.004160,0.004320,0.003520,0.003956,0.004320,0.006440,0.004440,0.004160,0.004800,0.004480, ,0.006680,0.003585,0.007360,0.004160,0.002663,0.002680,0.004520,0.004240,0.004240,0.006000,0.005040,0.003920,0.006000,0.004160,0.004360,0.004480,0.008560,0.005400,0.005400,0.004760,0.005440,0.003680,0.003640, , , ,0.007744,0.008337, ,0.003194,0.005875, ,0.006625,0.010848, ,0.003994, , , , , , , , , , , , , , , , , , , , , , ,0.002947, ,0.006780, , ,0.020873,0.003070,0.005150, , , ,0.015032,0.013680,0.008320, ,0.006415,0.004800,0.005880,0.007280,0.004800,0.018840,0.003157,0.006960,0.010178,0.006240,0.004078,0.003433,0.013280, ,0.007276, , , ,0.002858, , , , , , , , ,0.003028, ,0.006040,0.006400,0.004360,0.005280,0.003900,0.012560,0.010000,0.003840,0.010640,0.008800,0.012840,0.005520,0.010360,0.010680,0.006360,0.002984
    Median ISI within Burst - Std (sec),0.001133,0.031485,0.000082, ,0.000104,0.012244,0.000059, ,0.000276, ,0.000659,0.000109,0.000430, ,0.017219, ,0.000224,0.000581,0.000889,0.000389,0.000440, , ,0.001183, ,0.000991,0.000167,0.000316, ,0.000536,0.000367,0.000214,0.000937,0.000311,0.000223,0.000112,0.000855,0.000166,0.001136,0.000229,0.001097,0.000618, ,0.000325,0.007191, ,0.000163,0.000155, ,0.014607, , ,0.019402,0.015295,0.010239, ,0.007907,0.000634, , ,0.023680, , , , , ,0.000302,0.002856,0.001622, , , , , , , ,0.006141, , , ,0.000474,0.000852, , ,0.000330,0.000790, ,0.001245,0.000573,0.015944, , , ,0.002539,0.001253,0.001386, , , , , , , , , , ,0.006530, , , , , , , , , , ,0.000455, , ,0.020496, , , , ,0.000756, , ,0.014630,0.000635,0.000962,0.000510,0.000806,0.001118,0.000702,0.000604,0.000645,0.000647,0.002153,0.000639, ,0.001196,0.000827,0.001556,0.004767,0.003395, ,0.000396,0.033064,0.005968,0.000141,0.000193,0.001787,0.003166,0.000299,0.000638, ,0.012427,0.001385,0.001065, ,0.003209,0.000455,0.001106,0.006465, , , , , , , ,0.008274, , ,0.007486,0.000644,0.001173, ,0.000339, ,0.005504,0.000577,0.040560, , ,0.000964,0.001153, , ,0.010440,0.000785,0.002160,0.016621,0.000529, , , ,0.000128, ,0.004216, ,0.000422, , ,0.005883,0.000179, ,0.007147,0.000323, ,0.002179, , , , , , , ,0.001422, , , , , , ,0.000792,0.000594,0.003114,0.000028,0.000311,0.012986,0.000566,0.000226,0.000735,0.000283,0.000764,0.000453,0.000566,0.000764,0.004553,0.002387, , ,0.000461,0.007165,0.000566,0.000990,0.000829,0.000311,0.000962,0.000651, , , , , , ,0.000835, , , , , , , , ,0.000327, , ,0.000076,0.000101, , , , , , , , , , , , , , , , ,0.000584, , , ,0.016513,0.010108, ,0.000691,0.005572, ,0.007202,0.016837, ,0.001786, , , , , , , , , , , , , , , , , , , , , , ,0.000362, ,0.002178, , ,0.015889,0.000284,0.001640, , , ,0.010952, , , ,0.003169, , , , , ,0.000223, ,0.006482, ,0.001125,0.000387, , ,0.001891, , , ,0.000143, , , , , , , , ,0.000327, , , , , ,0.000311, , , , , , , , , , ,0.000160
    Median/Mean ISI within Burst,0.371333,0.455224,0.563444,1.014411,0.605469,0.431548,0.545839, ,0.475755, ,0.398232,0.519496,0.626543, ,0.724465, ,0.835996,0.740085,0.918158,0.869278,0.690881, , ,0.774341, ,0.812649,0.808193,0.457034, ,0.753321,0.781073,0.754342,0.564603,0.661705,0.729295,0.714312,0.750276,0.649613,0.566572,0.750288,0.541133,0.643824,1.184446,0.603963,0.686901, ,0.796630,0.766415,0.395260,0.677955,0.388182,0.496002,0.661018,0.895437,0.570025,0.469885,0.491596,0.577428,0.472683,0.605988,0.711791,0.479045,0.498365,0.451293,0.604423,0.702728,0.615383,0.695366,0.603840,0.536899,0.771753,0.847059, , ,0.627427,0.842528,0.597149,0.582645,0.471080,0.678082,0.639970,0.679030,0.518519,0.675065,0.783898,0.753151,0.634286,0.612443,0.638771,0.697473,0.481366,0.551414,1.081379,0.550539,0.639214,0.401150, , , , , , , , , ,0.952381,0.724666, , , , , , , , , , ,0.725942, , ,0.415742, , , , ,0.540940, , ,0.580850,0.652202,0.762209,0.791505,0.631994,0.504695,0.589111,0.602117,0.636781,0.690739,0.740081,0.714752,0.619308,0.718487,0.657015,0.628974,0.670738,0.551834,0.835025,0.707937,0.834567,0.468146,0.888579,0.823976,0.534612,0.656680,0.746325,0.613292,0.854994,0.751560,0.795072,0.607912, ,0.491378,0.689509,0.587779,0.726368, , ,0.479259, , , , ,0.656062, , ,0.635291,0.503539,0.831108,0.797918,0.706169,0.937322,0.570611,0.581886,1.007117,0.786744,0.658083,0.635452,0.659150,0.798444,0.858156,0.612379,0.658193,0.430965,0.883964,0.481433, ,0.240816, ,0.646607, ,0.691294,0.941108,0.661111, , ,0.727182,0.697764, ,0.367379,0.976104, ,0.719854, , , , , , , ,0.387179, , , , ,0.870351,0.807980,0.488280,0.770384,0.738500,0.936859,0.779583,0.645403,0.759275,0.821009,0.746549,0.829703,0.719075,0.797715,0.679536,0.627947,0.567419,0.680845,0.418826,0.395207,0.610398,0.881640,0.873396,0.758014,0.430098,0.851288,0.847410,0.646768,0.743724,0.423322,0.434251,0.884956,0.480000,0.632444,0.406319,0.937250,0.684742,0.622197,0.422764,0.507246,0.504772, ,0.526814,0.460686,0.725838,0.471718,0.503169,0.612639,0.594737,0.702999,0.607102,0.480226,0.723722,0.545082,0.728155,0.547729,0.632903,0.560000,0.834934,0.643733,0.668731,0.663415,0.689326,0.415162,0.443046, , , ,0.693369,0.606815, ,0.719969,0.652634, ,0.525448,0.504850, ,0.592537, , , , , , , , , , , , , , , , , , , , , , ,0.864240, ,0.505513, , ,0.888817,0.514751,0.833588, , , ,0.908225,0.553000,0.679739, ,0.609140,0.256610,0.325221,0.542528,0.503145,0.731083,0.671894,0.469847,0.698886,0.390710,0.519735,0.547157,0.447681, ,0.409707, , , ,0.687982, , , , , , , , ,0.328773, ,0.558845,0.590406,0.486245,0.663121,0.583984,0.818317,0.668960,0.519231,0.509969,0.566038,0.736239,0.582055,0.555397,0.615680,0.570711,0.737555
    Inter-Burst Interval - Avg (sec),14.998034,20.947168,17.468840, ,17.467880,11.689342,17.468533, ,11.665209, ,11.644142,20.962304,10.498960, ,17.494360, ,9.622000,17.632773,13.224740,11.755218,8.142068, , ,15.112583, ,10.583904,8.141489,7.159616, ,17.640253,17.631667,17.631853,8.728898,8.104914,8.105274,8.105400,8.105943,8.727569,9.470427,8.106783,10.315644,8.104743, ,8.728548,8.115703, ,8.105246,8.105726, ,19.159160, , ,10.952240,7.289744,1.496000, ,8.517991,5.507160, , ,8.397387, , , , , ,9.231973,7.548240,10.072698, , , , , , , ,12.393573, , , ,7.614283,8.158166, , ,7.614261,7.134835, ,0.239600,9.552713,10.507816, , , ,10.504144,10.502928,6.420320, , , , , , , , , , ,5.351703, , , , , , , , , , ,11.059320, , ,17.228053, , , , ,11.059973, , ,8.910827,7.637886,0.441840,7.483995,7.637897,8.632778,7.637497,7.016040,6.683210,7.129109,7.483371,7.483797, ,7.637811,6.709986,7.482725,9.870867,11.893440, ,0.273120,6.643200,0.582560,0.272960,5.133080,15.684937,9.303080,5.646444,5.133127, ,6.273787,4.297618,8.531411, ,30.937000,11.730587,12.372800,9.092788, , , , , , , ,17.592860, , ,12.367744,6.126383,13.285424, ,1.565472, ,19.552480,1.983592,39.122960, , ,1.506597,1.601661, , ,6.486929,1.284698,19.208180,15.467600,18.945340, , , ,19.544547, ,25.272747, ,16.750434, , ,20.497360,18.942040, ,12.518898,4.140320, ,8.298269, , , , , , , ,10.903796, , , , , , ,0.387840,0.406560,8.167447,0.407120,0.403920,7.538751,0.391520,0.408560,0.391120,0.412160,0.411600,0.405040,0.397600,0.398160,9.280127,35.000480, , ,7.424085,35.009960,0.290080,0.288960,7.955131,0.307200,0.288160,3.469280, , , , , , ,10.278120, , , , , , , , ,9.018629, , ,10.521720,10.521907, , , , , , , , , , , , , , , , ,18.746832, , , ,5.190924,6.507307, ,3.141697,5.190673, ,4.453095,20.907480, ,4.665811, , , , , , , , , , , , , , , , , , , , , , ,20.254368, ,50.217440, , ,17.594608,25.294853,25.332133, , , ,27.113140, , , ,11.135840, , , , , ,10.148436, ,7.436000, ,7.435947,7.436165, , ,10.646010, , , ,10.645970, , , , , , , , ,7.114647, , , , , ,1.551280, , , , , , , , , , ,12.237449
    Inter-Burst Interval - Std (sec),25.551837,28.282261,26.406237, ,26.382745,23.059692,26.423485, ,22.671271, ,22.535470,27.954741,21.598002, ,27.100912, ,7.200997,7.649279,7.000665,7.834693,5.814296, , ,8.558988, ,7.723371,6.110514,5.952241, ,7.640814,7.646142,7.644521,13.453607,13.089339,13.082360,13.085638,13.096483,13.446412,13.770471,13.088059,14.111110,13.079604, ,13.457243,13.123400, ,13.081406,13.082920, ,31.138262, , ,15.640093,10.667174, , ,13.526283,11.347488, , ,15.389066, , , , , ,7.653432,6.916261,7.421109, , , , , , , ,4.565613, , , ,6.879660,7.906835, , ,6.153765,6.356514, , ,8.715002,13.226867, , , ,9.386847,13.010028, , , , , , , , , , , ,2.267345, , , , , , , , , , ,4.547888, , ,10.840669, , , , ,4.550017, , ,4.444142,4.015559, ,3.591841,4.015775,6.226270,4.015087,3.773694,4.213996,3.876192,3.589903,3.589502, ,3.701665,4.012884,3.588710,10.140982,9.502723, , ,4.934961, , ,3.202560,17.937541,12.853448,3.435287,4.179313, ,3.434244,2.337230,9.326729, ,3.089152,11.361485,5.546632,12.085563, , , , , , , ,11.098200, , ,2.940986,9.624877,10.364281, ,2.785401, ,27.326340,3.559474, , , ,2.741720,3.087758, , ,12.856801,1.924722,15.247852,15.623807,2.397468, , , ,11.628145, ,27.882585, ,6.451382, , , ,2.407974, ,16.961089,1.013595, ,3.811869, , , , , , , ,6.293981, , , , , , , , ,6.089048, , ,5.075228, , , , , , , , ,10.329303,49.099232, , ,5.259252,49.081639, , ,5.537907, , , , , , , , , ,6.927844, , , , , , , , ,8.348492, , ,8.108050,8.108663, , , , , , , , , , , , , , , , ,15.287507, , , ,3.217779,6.268979, ,2.605870,3.655138, ,3.334667,5.516555, ,3.558225, , , , , , , , , , , , , , , , , , , , , , ,18.378227, , , , ,13.815597,19.969294,19.907777, , , ,25.342650, , , ,9.266370, , , , , ,5.812469, ,6.597174, ,6.556904,6.548884, , ,7.215368, , , ,7.214844, , , , , , , , ,7.669817, , , , , , , , , , , , , , , , ,7.926486
    Burst Frequency (Hz),0.066667,0.050000,0.058333,0.008333,0.058333,0.083333,0.058333, ,0.083333, ,0.083333,0.050000,0.091667, ,0.058333, ,0.100000,0.058333,0.075000,0.083333,0.116667, , ,0.066667, ,0.091667,0.116667,0.133333, ,0.058333,0.058333,0.058333,0.116667,0.125000,0.125000,0.125000,0.125000,0.116667,0.108333,0.125000,0.100000,0.125000,0.008333,0.116667,0.125000, ,0.125000,0.125000,0.008333,0.041667,0.008333,0.008333,0.066667,0.050000,0.016667,0.008333,0.083333,0.125000,0.008333,0.008333,0.083333,0.008333,0.008333,0.008333,0.008333,0.008333,0.108333,0.133333,0.100000,0.008333,0.008333,0.008333, , ,0.008333,0.008333,0.058333,0.008333,0.008333,0.008333,0.133333,0.125000,0.008333,0.008333,0.133333,0.141667,0.008333,0.016667,0.100000,0.091667,0.008333,0.008333,0.008333,0.091667,0.091667,0.016667, , , , , , , , , ,0.008333,0.125000, , , , , , , , , , ,0.058333, , ,0.033333, , , , ,0.058333, , ,0.108333,0.125000,0.016667,0.133333,0.125000,0.100000,0.125000,0.141667,0.141667,0.133333,0.133333,0.133333,0.008333,0.125000,0.150000,0.133333,0.058333,0.025000,0.008333,0.016667,0.150000,0.016667,0.016667,0.191667,0.066667,0.025000,0.175000,0.191667,0.008333,0.158333,0.233333,0.100000, ,0.025000,0.058333,0.050000,0.116667, , ,0.008333, , , , ,0.041667, , ,0.050000,0.166667,0.050000,0.008333,0.633333,0.008333,0.025000,0.508333,0.016667,0.008333,0.008333,0.666667,0.591667,0.008333,0.008333,0.116667,0.758333,0.041667,0.050000,0.041667, ,0.008333, ,0.058333, ,0.033333,0.008333,0.066667, , ,0.016667,0.041667, ,0.083333,0.025000, ,0.100000, , , , , , , ,0.083333, , , , ,0.008333,0.008333,0.016667,0.016667,0.108333,0.016667,0.016667,0.116667,0.016667,0.016667,0.016667,0.016667,0.016667,0.016667,0.016667,0.016667,0.108333,0.025000,0.008333,0.008333,0.133333,0.025000,0.016667,0.016667,0.125000,0.016667,0.016667,0.016667,0.008333,0.008333,0.008333,0.008333,0.008333,0.008333,0.075000,0.008333,0.008333,0.008333,0.008333,0.008333,0.008333, ,0.008333,0.066667,0.008333,0.008333,0.058333,0.058333,0.008333,0.008333,0.008333,0.008333,0.008333,0.008333,0.008333,0.008333,0.008333,0.008333,0.008333,0.008333,0.008333,0.008333,0.008333,0.008333,0.050000, , , ,0.191667,0.133333, ,0.316667,0.191667, ,0.225000,0.041667, ,0.216667, , , , , , , , , , , , , , , , , , , , , , ,0.050000, ,0.016667, , ,0.050000,0.033333,0.033333, , , ,0.041667,0.008333,0.008333, ,0.091667,0.008333,0.008333,0.008333,0.008333,0.008333,0.100000,0.008333,0.133333,0.008333,0.133333,0.133333,0.008333, ,0.075000, , , ,0.075000, , , , , , , , ,0.108333, ,0.008333,0.008333,0.008333,0.008333,0.016667,0.008333,0.008333,0.008333,0.008333,0.008333,0.008333,0.008333,0.008333,0.008333,0.008333,0.083333
    IBI Coefficient of Variation,1.703679,1.350171,1.511619, ,1.510358,1.972711,1.512633, ,1.943495, ,1.935348,1.333572,2.057156, ,1.549123, ,0.748389,0.433810,0.529361,0.666486,0.714106, , ,0.566348, ,0.729728,0.750540,0.831363, ,0.433146,0.433660,0.433563,1.541272,1.614988,1.614055,1.614435,1.615664,1.540682,1.454050,1.614458,1.367933,1.613821, ,1.541751,1.617038, ,1.613943,1.614034, ,1.625241, , ,1.428027,1.463313, , ,1.587966,2.060497, , ,1.832602, , , , , ,0.829014,0.916275,0.736755, , , , , , , ,0.368386, , , ,0.903520,0.969193, , ,0.808189,0.890912, , ,0.912307,1.258765, , , ,0.893633,1.238705, , , , , , , , , , , ,0.423668, , , , , , , , , , ,0.411227, , ,0.629245, , , , ,0.411395, , ,0.498735,0.525742, ,0.479936,0.525770,0.721236,0.525707,0.537867,0.630535,0.543713,0.479717,0.479637, ,0.484650,0.598047,0.479599,1.027365,0.798989, , ,0.742859, , ,0.623906,1.143616,1.381634,0.608398,0.814185, ,0.547396,0.543843,1.093222, ,0.099853,0.968535,0.448292,1.329137, , , , , , , ,0.630835, , ,0.237795,1.571054,0.780124, ,1.779272, ,1.397589,1.794459, , , ,1.819809,1.927848, , ,1.981955,1.498191,0.793821,1.010099,0.126547, , , ,0.594956, ,1.103267, ,0.385147, , , ,0.127123, ,1.354839,0.244811, ,0.459357, , , , , , , ,0.577228, , , , , , , , ,0.745527, , ,0.673219, , , , , , , , ,1.113056,1.402816, , ,0.708404,1.401934, , ,0.696143, , , , , , , , , ,0.674038, , , , , , , , ,0.925694, , ,0.770601,0.770646, , , , , , , , , , , , , , , , ,0.815471, , , ,0.619886,0.963375, ,0.829447,0.704174, ,0.748843,0.263856, ,0.762617, , , , , , , , , , , , , , , , , , , , , , ,0.907371, , , , ,0.785218,0.789461,0.785871, , , ,0.934700, , , ,0.832121, , , , , ,0.572745, ,0.887194, ,0.881785,0.880680, , ,0.677753, , , ,0.677707, , , , , , , , ,1.078032, , , , , , , , , , , , , , , , ,0.647724
    Normalized Duration IQR,2.624411,0.907463,3.364440, ,3.488237,0.850324,3.198799, ,3.359791, ,3.905801,1.469401,2.918370, ,5.802473, ,0.631626,0.131989,0.411596,0.429246,1.935637, , ,0.406250, ,0.651693,1.462383,3.022346, ,0.461149,0.000000,0.564135,0.780480,0.961157,0.766698,0.913322,1.156424,0.866463,1.902240,0.820737,0.165729,0.913322, ,0.868102,4.812505, ,0.852641,0.831647, ,0.537018, , ,1.530858,1.922537, , ,1.303839,1.555284, , ,1.280489, , , , , ,0.800161,1.809474,0.317980, , , , , , , ,6.374299, , , ,0.971217,1.771924, , ,1.144437,1.459185, , ,1.006754,2.933336, , , ,2.508774,4.004975, , , , , , , , , , , ,0.404499, , , , , , , , , , ,0.617785, , ,0.000000, , , , ,1.639910, , ,1.185218,1.865550, ,0.683122,1.233165,1.343368,1.611053,1.305653,0.768687,1.375001,1.284652,1.331118, ,1.213736,2.156351,1.074035,0.594217, , , ,2.620421, , ,1.226717,0.279401, ,0.942207,1.776624, ,1.276787,1.292170,0.659595, , ,2.720111,0.490687,1.145019, , , , , , , ,0.208368, , ,0.925710,0.398911,2.283901, ,1.617997, , ,1.716656, , , ,1.698051,2.350994, , ,0.427230,1.312501,1.723203,0.832087,2.241047, , , ,8.238691, ,0.064233, ,1.636595, , , ,2.815659, ,0.616506, , ,0.867419, , , , , , , ,1.018658, , , , , , , , ,0.344381, , ,0.678010, , , , , , , , ,0.454292, , , ,0.928860, , , ,0.786126, , , , , , , , , ,1.384406, , , , , , , , ,0.295150, , ,0.332458,0.360112, , , , , , , , , , , , , , , , ,0.841784, , , ,0.395340,0.784074, ,2.915870,0.674984, ,1.381326,0.596971, ,1.198616, , , , , , , , , , , , , , , , , , , , , , ,3.820615, , , , ,0.692255,0.563264,0.000000, , , ,0.191323, , , ,1.559633, , , , , ,1.821388, ,0.597664, ,0.898565,1.424406, , ,0.053109, , , ,0.096324, , , , , , , , ,0.750751, , , , , , , , , , , , , , , , ,0.276214
    Burst Percentage,93.333333,85.714286,99.523810,20.833333,99.818512,85.981308,100.000000, ,97.969543,0.000000,98.136646,99.834163,99.382716,0.000000,87.500000,0.000000,83.498350,89.215686,74.319066,94.835681,84.883721, , ,77.027027,0.000000,78.547855,83.433735,72.912424,0.000000,76.315789,90.909091,88.505747,97.003745,98.898072,99.811321,99.173554,98.347107,98.913043,91.472868,99.621212,94.923858,100.000000,13.333333,98.327759,93.333333, ,99.818512,99.825784,100.000000,57.272727,100.000000,92.682927,72.881356,76.000000,64.102564,100.000000,88.177340,100.000000,100.000000,87.179487,86.309524,100.000000,97.826087,69.117647,92.857143,100.000000,97.350993,84.210526,95.652174,100.000000,92.857143,100.000000, ,0.000000,92.307692,100.000000,72.368421,83.333333,100.000000,85.714286,98.969072,99.101124,100.000000,78.947368,99.677939,88.023952,91.666667,88.235294,98.490566,94.230769,83.333333,100.000000,100.000000,94.859813,97.391304,32.000000, , , ,0.000000, , , ,0.000000,0.000000,42.857143,57.070707,0.000000, ,0.000000, ,0.000000, , , , , ,100.000000, ,0.000000,55.000000, , , ,0.000000,98.529412, , ,91.791045,96.753247,100.000000,95.903955,90.277778,84.397163,98.006645,97.002725,99.567100,97.539150,97.994987,98.218263,50.000000,96.348884,95.441176,85.263158,78.620690,44.871795,84.615385,100.000000,69.109948,67.647059,100.000000,97.752809,61.261261,57.894737,93.661972,52.467105,88.235294,89.770355,83.801874,69.767442,0.000000,54.385965,55.284553,79.787234,84.362140,0.000000,0.000000,87.500000,0.000000,0.000000,0.000000,0.000000,35.714286,0.000000,0.000000,69.696970,76.139410,45.864662,94.444444,94.441417,59.459459,71.739130,87.139423,30.769231,84.615385,100.000000,88.703262,92.491468,95.000000,69.696970,44.140625,89.821332,94.520548,86.585366,98.780488, ,26.086957,0.000000,99.178082,0.000000,68.627451,18.518519,100.000000,0.000000, ,43.478261,98.694517,0.000000,11.533587,23.809524, ,79.354839, ,0.000000, , ,0.000000, , ,46.067416, , , ,0.000000,77.777778,67.857143,96.774194,96.153846,83.435583,100.000000,100.000000,90.647482,100.000000,100.000000,100.000000,100.000000,89.285714,96.296296,95.652174,100.000000,93.548387,70.212766,94.285714,96.969697,97.674419,84.090909,100.000000,100.000000,89.403974,100.000000,100.000000,90.821256,87.878788,53.225806,100.000000,86.666667,94.444444,88.888889,100.000000,100.000000,100.000000,100.000000,100.000000,100.000000,100.000000, ,100.000000,100.000000,92.857143,94.736842,99.778761,99.675851,90.476190,100.000000,100.000000,100.000000,91.304348,45.454545,88.888889,94.444444,86.363636,89.473684,93.333333,93.750000,85.000000,62.962963,94.736842,80.000000,82.539683,0.000000,0.000000, ,81.317690,83.840749,0.000000,86.900369,85.546039, ,61.358811,39.310345,0.000000,90.513393,0.000000, , , , , , ,0.000000, ,0.000000, , , , ,0.000000, , , , , , , ,30.917874, ,15.789474, ,0.000000,12.662338,73.043478,76.923077, ,0.000000, ,67.500000,55.555556,100.000000, ,52.445652,100.000000,100.000000,100.000000,100.000000,81.818182,99.871795,72.222222,93.373494,63.157895,100.000000,100.000000,100.000000, ,100.000000, ,0.000000, ,100.000000, , ,0.000000, ,0.000000, , , ,96.470588, ,78.571429,84.615385,86.666667,94.736842,95.394737,80.000000,72.727273,90.476190,85.714286,77.777778,63.636364,80.000000,77.777778,77.777778,91.666667,96.394687
Viability Metrics
    Resistance (kOhms),16.631646,16.404042,26.465458,13.053030,37.050919,18.627461,30.649371,9.705407,21.224237,10.168340,14.778724,31.919754, ,9.271225,10.075986, ,37.186648,16.210422,25.241934,27.877537,41.113128,9.742271,9.429422,21.001754, ,32.433338,34.917398,38.193930, ,19.348107,20.734580,28.102729,32.806089,23.702503,35.419726,28.327465,18.325113, ,16.107167,34.580058,18.852345,18.976020,11.470593,17.787209, ,9.690419,29.924534,34.246888,9.427693,10.297763,9.430986,10.819737,11.229033,10.323640,10.464759,9.487024,13.349428,21.047131,9.546074, , ,9.666876,9.494467,9.108744,9.667775,9.388454,22.710283,17.333406,14.490378,9.893917,9.217916,9.401593, , ,9.488648,9.419887, ,9.506365,9.600124,10.326106,23.473145,28.792886,9.695503,8.967034,36.362402,40.052078,9.508908,9.521495,24.305203,12.029642,9.328908,9.266550, ,16.601412,17.583374,10.213901,11.085013,10.161281,12.929402,10.700402,10.041221,9.958302,10.139297, , ,29.176010,37.824659,19.908651, ,14.962844,10.603332,19.905306,43.966586,10.671692,10.909958,11.322079,10.577361,17.983791,10.544141, ,16.520070,10.785592,10.714711,11.171420, ,14.787149,20.501201,11.183363,14.816328,34.334699,10.709674,49.037586,27.616392,18.593958,27.179472,26.766241,32.249607,33.511033,35.706576,36.730981, ,43.090464,42.631679,28.948232,17.790546,13.874682,26.109905,11.446364,26.661119,14.993160,10.935037,38.991131,25.753687,17.510598,31.809959,27.439075, ,27.520645,41.784800,21.316624,11.791160,24.940745,28.447887,22.559891,22.761891,10.963259,11.807633,11.346272, ,11.155730,10.876046, , ,10.858833,11.643830,15.366622,35.374512,16.272623,10.724682,44.175499,12.964516,20.517200,40.930553,16.225407,30.633764,17.404346,39.373247,40.552455, ,15.941836,13.335691,41.037019,27.073406,12.832489,29.933843,12.442217,16.312831,16.548228,27.003210,30.204122,18.427274,12.056284,36.807113,12.522681, ,15.049175,34.712938, ,29.847721,31.536177,11.700680,21.364365,10.919687, ,11.585991,10.732544, ,41.454743,11.561869,44.132663, ,10.885641,10.816192, ,22.490843,17.520287,11.024809,11.959297,17.959412,13.228138,11.097073,33.159377,10.422361,12.041262,13.154574,10.917535, ,13.105332,14.583324,10.896146,32.110037,26.310907,13.510267,10.971286,27.011040,12.816564,11.800235,11.202185,22.871134,13.820502,26.736235,12.498142, ,17.890122,12.278235,14.077142,23.732060,11.222627,36.584481,12.298840,10.720989,10.652377,11.149614,11.556298,14.122899, ,11.596436,20.492476, ,18.359725,35.330292,43.665225,17.352594,16.140977, ,9.845895,10.051094,12.738726,10.175640,9.838421,12.189914,24.548348,10.145994,10.509526, ,30.436686,11.894838,12.839351,20.755967,10.572473,9.549280,10.505966,26.518542,27.186695,10.642177,39.600699,21.938401,9.696038,29.244357,21.541388, ,33.378005,10.176842,9.739791,6.298820,6.374151,5.735272,6.356531,6.341266, ,6.258499, ,6.382191,6.441011,6.359543,6.311507, ,6.375893,6.353223,6.333946,13.877993,10.761095,14.947792,13.065154,32.304720, ,31.170335, ,27.193210,26.369020,23.853121,20.046971, ,21.813601,12.403973,11.896705,11.578323,10.214681, ,34.397597,10.210989,9.985734,10.281798,10.545164,12.022216,33.650093,14.359106,16.513175, ,17.135367,23.034751,10.965417,10.590211,39.474310,9.898708,10.900686,9.993453,31.359789,9.978471,10.093901, ,9.774368,9.871315,17.445074, ,10.730661,26.147963, ,9.625008,10.476041,14.957449,9.296795, ,9.770687,9.581784,9.831266,11.061579,9.538638,9.541773,10.770685, ,9.570699,12.019287,30.229021

