AxIS Spike File,C:\Users\Emily Gordon\ONEDRI~1\DPHILO~1\DBROTA~1\MEAPRO~1\MEAPAP~1\MEA_PA~1\MADDY_~1\AGONIS~1\WTHIPP~4.SPK
File Type,24-well

Analysis Start,0.000000
Analysis End,120.000000
Active Electrode Criterion (spks/min), 5
Minimum Covered Resistance (kOhms),18
Remove Coincident Artifacts,False

Electrode Burst Settings,
    Algorithm,ISI Threshold,
    Min # of Spikes,5.000000
    Max ISI (ms),100.000000

Network Burst Settings,
    Algorithm,ISI Threshold,
    Min # of Spikes,50.000000
    Max ISI (ms),100.000000
    Min # of Electrodes (%),35.000000

Synchrony Settings,
    Synchrony Window,20.000000

Average Network Burst Analysis Settings,
    Number of network bursts vary by well
    Network Burst Window Start (ms),0.000000
    Network Burst Window End (ms),500.000000
    Bin Size (ms),1.000000

Well Averages,A1,A2,A3,A4,A5,A6,B1,B2,B3,B4,B5,B6,C1,C2,C3,C4,C5,C6,D1,D2,D3,D4,D5,D6,
Treatment/ID,CAP [100 nM],CAP [100 nM],AITC [1 µM],AITC [1 µM],KCl [1 mM],KCl [1 mM],CAP [1 µM],CAP [1 µM],AITC [10 µM],AITC [10 µM],KCl [10 mM],KCl [10 mM],CAP [10 µM],CAP [10 µM],AITC [100 µM],AITC [100 µM],KCl [50 mM],KCl [50 mM],CTRL,DMSO [0.01 %],CTRL,DMSO [0.01 %],CTRL,DMSO [0.01 %]
Activity Metrics
    Number of Spikes,2252.000000,3433.000000,6316.000000,697.000000,274.000000,2047.000000,125.000000,35.000000,3195.000000,1772.000000,36.000000,2553.000000,685.000000,920.000000,372.000000,324.000000,0.000000,0.000000,4276.000000,0.000000,808.000000,811.000000,83.000000,338.000000
    Mean Firing Rate (Hz),1.172917,1.788021,3.289583,0.363021,0.142708,1.066146,0.065104,0.018229,1.664063,0.922917,0.018750,1.329687,0.356771,0.479167,0.193750,0.168750,0.000000,0.000000,2.227083,0.000000,0.420833,0.422396,0.043229,0.176042
    ISI Coefficient of Variation - Avg,8.160051,2.674738,5.740882,3.706247,2.873100,5.107823,1.367473,1.938757,5.683878,1.847080,0.881595,1.020962,2.490936,1.852969,3.609620,4.341885, , ,2.487134, ,2.155515,5.865869,1.602159,5.010508
    Number of Active Electrodes,13.000000,12.000000,15.000000,7.000000,4.000000,9.000000,2.000000,1.000000,15.000000,12.000000,2.000000,7.000000,11.000000,4.000000,2.000000,5.000000,0.000000,0.000000,12.000000,0.000000,7.000000,6.000000,2.000000,1.000000
    Weighted Mean Firing Rate (Hz),1.442949,2.381250,3.508889,0.826190,0.566667,1.893519,0.441667,0.291667,1.775000,1.229861,0.125000,3.035714,0.512121,1.916667,1.529167,0.536667, , ,2.969444, ,0.951190,1.116667,0.325000,2.808333
Electrode Burst Metrics
    Number of Bursts,46.000000,155.000000,201.000000,42.000000,24.000000,86.000000,5.000000,3.000000,121.000000,130.000000,0.000000,128.000000,43.000000,24.000000,15.000000,14.000000,0.000000,0.000000,136.000000,0.000000,40.000000,17.000000,2.000000,4.000000
    Number of Bursting Electrodes,13.000000,12.000000,15.000000,6.000000,4.000000,9.000000,4.000000,1.000000,14.000000,9.000000,0.000000,4.000000,8.000000,4.000000,2.000000,4.000000,0.000000,0.000000,9.000000,0.000000,7.000000,6.000000,2.000000,1.000000
    Burst Duration - Avg (sec),0.478223,0.077785,0.144885,0.214162,0.063338,0.140172,0.063200,0.027440,0.132144,0.042868, ,0.116073,0.057576,0.174651,0.118795,0.127521, , ,0.163876, ,0.068187,0.151431,0.282840,0.506160
    Burst Duration - Std (sec),0.136160,0.017948,0.042239,0.052007,0.009828,0.023125,0.045119, ,0.035894,0.028204, ,0.070410,0.009457,0.052629,0.053479,0.031991, , ,0.044096, ,0.020872,0.032478,0.057983, 
    Number of Spikes per Burst - Avg,42.873077,17.650339,30.103016,12.774802,9.633333,19.458598,10.625000,5.666667,24.681151,7.383054, ,6.189815,11.386508,13.896825,18.590909,17.762500, , ,18.810670, ,8.975742,20.472222,39.000000,78.500000
    Number of Spikes per Burst - Std,32.623409,5.361714,16.775327,12.519139,3.188056,7.576456,5.793315, ,11.567675,2.740895, ,0.942127,5.405264,4.863234,10.735167,14.026485, , ,8.974031, ,2.751228,14.751428,21.213203, 
    Mean ISI within Burst - Avg (sec),0.021435,0.005503,0.006497,0.026739,0.008070,0.008996,0.006668,0.005833,0.006934,0.007743, ,0.021599,0.006895,0.014985,0.009522,0.012959, , ,0.012448, ,0.010680,0.012112,0.008312,0.006426
    Mean ISI within Burst - Std (sec),0.018829,0.002572,0.003037,0.011974,0.002151,0.008267,0.002168, ,0.004918,0.007483, ,0.010454,0.003243,0.006126,0.002332,0.009196, , ,0.007945, ,0.005530,0.007448,0.003115, 
    Median ISI within Burst - Avg (sec),0.014263,0.003616,0.003711,0.021897,0.004965,0.006378,0.004690,0.003280,0.003313,0.006405, ,0.016150,0.004021,0.005647,0.007615,0.007015, , ,0.005590, ,0.006772,0.006356,0.002920,0.003170
    Median ISI within Burst - Std (sec),0.021283,0.000977,0.001604,0.017305,0.001934,0.007238,0.001606, ,0.001075,0.006733, ,0.008082,0.001261,0.001284,0.003980,0.004393, , ,0.002595, ,0.004662,0.003833,0.000170, 
    Median/Mean ISI within Burst - Avg,0.515657,0.764332,0.655028,0.680167,0.660896,0.721260,0.734627,0.575542,0.613933,0.834016, ,0.738811,0.654111,0.458867,0.701256,0.562852, , ,0.544446, ,0.698308,0.573926,0.373684,0.512295
    Median/Mean ISI within Burst - Std,0.246115,0.106589,0.147719,0.289799,0.076165,0.061016,0.272498, ,0.119103,0.094667, ,0.149465,0.106696,0.247113,0.125742,0.133857, , ,0.193754, ,0.119759,0.069783,0.119596, 
    Inter-Burst Interval - Avg (sec),40.843344,11.495133,9.092141,31.873962,15.819188,8.614237,11.569600,53.085600,11.258217,14.449476, ,3.830704,22.853678,24.738326,19.195992,26.826327, , ,10.142058, ,18.388475,24.639367, ,15.555520
    Inter-Burst Interval - Std (sec),9.588330,6.301802,3.924191,38.707287,4.199758,3.983783,0.000000,0.000000,2.725179,11.423480, ,3.858503,13.656285,12.517722,10.708097,6.461514, , ,11.714058, ,4.823939,9.412648, ,0.000000
    Burst Frequency - Avg (Hz),0.029487,0.107639,0.111667,0.058333,0.050000,0.079630,0.010417,0.025000,0.072024,0.120370, ,0.266667,0.044792,0.050000,0.062500,0.029167, , ,0.125926, ,0.047619,0.023611,0.008333,0.033333
    Burst Frequency - Std (Hz),0.010549,0.088368,0.021776,0.021731,0.027217,0.034888,0.004167, ,0.012913,0.106728, ,0.427471,0.022244,0.021517,0.041248,0.014434, , ,0.092744, ,0.030700,0.003402,0.000000, 
    IBI Coefficient of Variation - Avg,0.769453,0.580518,0.470995,0.704417,0.480247,1.184071, ,0.029362,1.052229,0.637684, ,0.524563,0.625858,0.728660,0.790676,0.960550, , ,0.982763, ,1.169226,1.397155, ,1.291140
    IBI Coefficient of Variation - Std,0.356869,0.259639,0.083078,0.131080,0.245410,0.265555, ,0.000000,0.131033,0.147422, ,0.247359,0.216821,0.220043,0.030932,0.339552, , ,0.204035, ,0.340136,0.003441, ,0.000000
    Burst Percentage - Avg,83.589196,60.609127,95.431185,58.804547,52.790839,70.979322,56.491228,48.571429,88.145032,36.134901,0.000000,11.115867,46.283878,50.441436,30.060326,53.193930, , ,49.353351, ,31.918574,49.229589,50.000000,46.587537
    Burst Percentage - Std,30.665359,26.271339,14.165179,42.974685,44.436836,39.021086,49.738002, ,25.911308,34.131000,0.000000,24.015677,42.109849,24.574831,46.569894,47.386927, , ,34.145777, ,27.433680,47.771478,57.735027,65.884727
Network Burst Metrics
    Number of Network Bursts,4.000000,8.000000,14.000000,8.000000,0.000000,8.000000,1.000000,0.000000,8.000000,10.000000,0.000000,0.000000,7.000000,0.000000,0.000000,2.000000,0.000000,0.000000,16.000000,0.000000,1.000000,2.000000,0.000000,0.000000
    Network Burst Frequency,0.033333,0.066667,0.116667,0.066667, ,0.066667,0.008333, ,0.066667,0.083333, , ,0.058333, , ,0.016667, , ,0.133333, ,0.008333,0.016667, , 
    Network Burst Duration - Avg (sec),0.571620,0.200080,0.197160,0.329720, ,0.212860,0.193760, ,0.259840,0.078784, , ,0.087383, , ,0.165360, , ,0.433815, ,0.418000,0.421960, , 
    Network Burst Duration - Std (sec),0.375811,0.155799,0.079158,0.091515, ,0.201431, , ,0.188595,0.026435, , ,0.038516, , ,0.011201, , ,0.331169, , ,0.180963, , 
    Number of Spikes per Network Burst - Avg,560.250000,250.750000,451.142857,82.125000, ,220.750000,59.000000, ,387.000000,78.300000, , ,85.285714, , ,68.000000, , ,184.687500, ,169.000000,186.000000, , 
    Number of Spikes per Network Burst - Std,415.067364,190.610111,97.470988,16.736935, ,134.915582, , ,220.579756,18.421304, , ,36.353424, , ,11.313708, , ,153.914573, , ,86.267027, , 
    Mean ISI within Network Burst - Avg (sec),0.001095,0.000818,0.000430,0.004065, ,0.000864,0.003341, ,0.000682,0.001005, , ,0.001046, , ,0.002489, , ,0.002573, ,0.002488,0.002303, , 
    Mean ISI within Network Burst - Std (sec),0.000194,0.000280,0.000090,0.000783, ,0.000342, , ,0.000285,0.000212, , ,0.000280, , ,0.000253, , ,0.001084, , ,0.000096, , 
    Median ISI within Network Burst - Avg (sec),0.000400,0.000260,0.000240,0.002225, ,0.000470,0.001480, ,0.000290,0.000532, , ,0.000691, , ,0.001960, , ,0.001365, ,0.000680,0.001080, , 
    Median ISI within Network Burst - Std (sec),0.000000,0.000037,0.000000,0.000489, ,0.000097, , ,0.000120,0.000080, , ,0.000205, , ,0.000170, , ,0.000497, , ,0.000170, , 
    Median/Mean ISI within Network Burst - Avg,0.373393,0.342456,0.577700,0.553445, ,0.602701,0.443022, ,0.460017,0.542554, , ,0.668526, , ,0.787935, , ,0.551805, ,0.273301,0.470852, , 
    Median/Mean ISI within Network Burst - Std,0.062005,0.098143,0.101570,0.121228, ,0.192452, , ,0.150457,0.091919, , ,0.121396, , ,0.011969, , ,0.126363, , ,0.093273, , 
    Number of Elecs Participating in Burst - Avg,12.250000,12.250000,15.000000,6.875000, ,8.750000,6.000000, ,14.625000,11.400000, , ,10.714286, , ,6.000000, , ,8.875000, ,7.000000,7.500000, , 
    Number of Elecs Participating in Burst - Std,1.258306,0.886405,0.000000,0.353553, ,1.164965, , ,1.060660,0.699206, , ,1.253566, , ,0.000000, , ,1.627882, , ,0.707107, , 
    Number of Spikes per Network Burst per Channel - Avg,44.357955,19.948114,30.076190,11.889881, ,24.709722,9.833333, ,26.000000,6.914848, , ,7.746154, , ,11.333333, , ,20.464099, ,24.142857,24.366071, , 
    Number of Spikes per Network Burst per Channel - Std,32.492966,14.797811,6.498066,2.101372, ,14.664996, , ,14.411724,1.843180, , ,2.259405, , ,1.885618, , ,16.368835, , ,9.205015, , 
    Network Burst Percentage,99.511545,58.432858,100.000000,94.261119, ,86.272594,47.200000, ,96.901408,44.187359, , ,87.153285, , ,41.975309, , ,69.106642, ,20.915842,45.869297, , 
    Network IBI Coefficient of Variation,0.699087,0.569469,0.450429,0.555268, ,1.305092, , ,0.778092,0.702860, , ,0.517631, , , , , ,0.737646, , , , , 
    Network Normalized Duration IQR,0.433681,1.398604,0.226011,0.315733, ,0.765760, , ,0.836433,0.497515, , ,0.441358, , , , , ,1.044326, , , , , 
Synchrony Metrics
    Area Under Normalized Cross-Correlation,0.444358,0.542222,0.627583,0.155229,0.098067,0.371578,0.159658,0.000000,0.667212,0.389441,0.000022,0.006397,0.312591,0.081417,0.001155,0.105197,0.000000,0.000000,0.167594,0.000000,0.189902,0.108769,0.043269,0.054818
    Area Under Cross-Correlation,3.807569,7.753056,22.341250,0.269722,0.075139,3.068125,0.035139,0.000000,10.471667,1.702222,-0.000000,0.054653,0.762083,0.107153,0.006389,0.117083,0.000000,0.000000,2.612431,0.000000,0.381042,0.280486,0.020625,0.000833
    Full Width at Half Height of Normalized Cross-Correlation,8.000000,13.000000,14.000000,12.000000,20.000000,10.000000,5.000000, ,15.000000,8.000000,6.000000,98.000000,12.000000,7.000000,7.000000,13.000000, , ,6.000000, ,8.000000,2.000000,29.000000,51.000000
    Full Width at Half Height of Cross-Correlation,26.000000,65.000000,112.000000,34.000000,60.000000,49.000000,15.000000, ,72.000000,20.000000,6.000000,727.000000,43.000000,16.000000,35.000000,88.000000, , ,56.000000, ,24.000000,31.000000,61.000000,51.000000
    Synchrony Index,0.625312,0.708264,0.828868,0.465372,0.336575,0.582732,0.776766,0.000000,0.824339,0.491891,0.002001,0.040768,0.517930,0.480077,0.101576,0.479647,0.000000,0.000000,0.352226,0.000000,0.304634,0.402283,0.465752,0.209925
    Kreuz SPIKE Distance, , , , , , , , , , , , , , , , , , , , , , , , 
Average Network Burst Metrics
    Start Electrode,21.000000,11.000000,12.000000,32.000000, ,21.000000,33.000000, ,34.000000,43.000000, , ,11.000000, , ,11.000000, , ,24.000000, ,32.000000,14.000000, , 
    Percent Bursts with Start Electrode,75.000000,50.000000,50.000000,50.000000, ,37.500000,100.000000, ,37.500000,50.000000, , ,42.857143, , ,100.000000, , ,62.500000, ,100.000000,50.000000, , 
    Burst Peak (Max Spikes per sec),3000.000000,3375.000000,5214.285714,1250.000000, ,2250.000000,2000.000000, ,3750.000000,2900.000000, , ,2142.857143, , ,1500.000000, , ,2187.500000, ,4000.000000,2000.000000, , 
    Time to Burst Peak (ms),78.500000,15.500000,58.500000,22.500000, ,13.500000,125.500000, ,54.500000,8.500000, , ,15.500000, , ,70.500000, , ,2.500000, ,21.500000,134.500000, , 
Viability Metrics
    Resistance - Avg (kOhms),20.332733,27.220720,24.324100,11.415485,11.740020,17.593290,16.799593,14.576387,31.704239,24.302936,15.546971,24.612484,21.133222,19.466292,15.890156,17.493339,15.832118,12.527634,18.525418,6.190433,19.394353,17.432113,14.362601,12.076540
    Resistance - Std (kOhms),9.409111,10.460139,8.787394,3.721478,4.619130,10.444268,9.185245,6.783320,11.003414,9.435726,6.679685,12.842930,9.363106,11.168676,6.733003,6.712627,9.688474,6.500893,9.823031,0.160048,8.971572,8.533072,7.896174,5.047556
    Number of Covered Electrodes,8.000000,11.000000,11.000000,1.000000,2.000000,5.000000,4.000000,3.000000,13.000000,12.000000,4.000000,7.000000,6.000000,5.000000,4.000000,4.000000,3.000000,2.000000,8.000000,0.000000,5.000000,5.000000,3.000000,1.000000
    Weighted Mean Resistance (kOhms),26.711466,31.206846,28.170798,23.370484,21.593565,30.465919,28.413530,24.954263,34.597930,27.237330,24.539279,36.736514,30.493639,31.856289,24.334352,25.898323,31.790862,26.946888,26.176295, ,29.308726,27.735706,27.914586,28.860287

Measurement,A1_11,A1_12,A1_13,A1_14,A1_21,A1_22,A1_23,A1_24,A1_31,A1_32,A1_33,A1_34,A1_41,A1_42,A1_43,A1_44,A2_11,A2_12,A2_13,A2_14,A2_21,A2_22,A2_23,A2_24,A2_31,A2_32,A2_33,A2_34,A2_41,A2_42,A2_43,A2_44,A3_11,A3_12,A3_13,A3_14,A3_21,A3_22,A3_23,A3_24,A3_31,A3_32,A3_33,A3_34,A3_41,A3_42,A3_43,A3_44,A4_11,A4_12,A4_13,A4_14,A4_21,A4_22,A4_23,A4_24,A4_31,A4_32,A4_33,A4_34,A4_41,A4_42,A4_43,A4_44,A5_11,A5_12,A5_13,A5_14,A5_21,A5_22,A5_23,A5_24,A5_31,A5_32,A5_33,A5_34,A5_41,A5_42,A5_43,A5_44,A6_11,A6_12,A6_13,A6_14,A6_21,A6_22,A6_23,A6_24,A6_31,A6_32,A6_33,A6_34,A6_41,A6_42,A6_43,A6_44,B1_11,B1_12,B1_13,B1_14,B1_21,B1_22,B1_23,B1_24,B1_31,B1_32,B1_33,B1_34,B1_41,B1_42,B1_43,B1_44,B2_11,B2_12,B2_13,B2_14,B2_21,B2_22,B2_23,B2_24,B2_31,B2_32,B2_33,B2_34,B2_41,B2_42,B2_43,B2_44,B3_11,B3_12,B3_13,B3_14,B3_21,B3_22,B3_23,B3_24,B3_31,B3_32,B3_33,B3_34,B3_41,B3_42,B3_43,B3_44,B4_11,B4_12,B4_13,B4_14,B4_21,B4_22,B4_23,B4_24,B4_31,B4_32,B4_33,B4_34,B4_41,B4_42,B4_43,B4_44,B5_11,B5_12,B5_13,B5_14,B5_21,B5_22,B5_23,B5_24,B5_31,B5_32,B5_33,B5_34,B5_41,B5_42,B5_43,B5_44,B6_11,B6_12,B6_13,B6_14,B6_21,B6_22,B6_23,B6_24,B6_31,B6_32,B6_33,B6_34,B6_41,B6_42,B6_43,B6_44,C1_11,C1_12,C1_13,C1_14,C1_21,C1_22,C1_23,C1_24,C1_31,C1_32,C1_33,C1_34,C1_41,C1_42,C1_43,C1_44,C2_11,C2_12,C2_13,C2_14,C2_21,C2_22,C2_23,C2_24,C2_31,C2_32,C2_33,C2_34,C2_41,C2_42,C2_43,C2_44,C3_11,C3_12,C3_13,C3_14,C3_21,C3_22,C3_23,C3_24,C3_31,C3_32,C3_33,C3_34,C3_41,C3_42,C3_43,C3_44,C4_11,C4_12,C4_13,C4_14,C4_21,C4_22,C4_23,C4_24,C4_31,C4_32,C4_33,C4_34,C4_41,C4_42,C4_43,C4_44,C5_11,C5_12,C5_13,C5_14,C5_21,C5_22,C5_23,C5_24,C5_31,C5_32,C5_33,C5_34,C5_41,C5_42,C5_43,C5_44,C6_11,C6_12,C6_13,C6_14,C6_21,C6_22,C6_23,C6_24,C6_31,C6_32,C6_33,C6_34,C6_41,C6_42,C6_43,C6_44,D1_11,D1_12,D1_13,D1_14,D1_21,D1_22,D1_23,D1_24,D1_31,D1_32,D1_33,D1_34,D1_41,D1_42,D1_43,D1_44,D2_11,D2_12,D2_13,D2_14,D2_21,D2_22,D2_23,D2_24,D2_31,D2_32,D2_33,D2_34,D2_41,D2_42,D2_43,D2_44,D3_11,D3_12,D3_13,D3_14,D3_21,D3_22,D3_23,D3_24,D3_31,D3_32,D3_33,D3_34,D3_41,D3_42,D3_43,D3_44,D4_11,D4_12,D4_13,D4_14,D4_21,D4_22,D4_23,D4_24,D4_31,D4_32,D4_33,D4_34,D4_41,D4_42,D4_43,D4_44,D5_11,D5_12,D5_13,D5_14,D5_21,D5_22,D5_23,D5_24,D5_31,D5_32,D5_33,D5_34,D5_41,D5_42,D5_43,D5_44,D6_11,D6_12,D6_13,D6_14,D6_21,D6_22,D6_23,D6_24,D6_31,D6_32,D6_33,D6_34,D6_41,D6_42,D6_43,D6_44,
Activity Metrics
    Number of Spikes,123.000000,65.000000,291.000000,13.000000,352.000000,85.000000,339.000000,0.000000,146.000000,1.000000,104.000000,405.000000,227.000000,0.000000,90.000000,11.000000,415.000000,122.000000,337.000000,212.000000,483.000000,0.000000,0.000000,34.000000,3.000000,336.000000,430.000000,565.000000,1.000000,170.000000,137.000000,188.000000,288.000000,419.000000,718.000000,644.000000,267.000000,488.000000,115.000000,667.000000,271.000000,420.000000,51.000000,385.000000,123.000000,0.000000,733.000000,727.000000,0.000000,79.000000,0.000000,12.000000,76.000000,60.000000,48.000000,0.000000,0.000000,344.000000,0.000000,0.000000,75.000000,0.000000,0.000000,3.000000,0.000000,0.000000,88.000000,67.000000,87.000000,1.000000,0.000000,0.000000,0.000000,0.000000,0.000000,0.000000,30.000000,1.000000,0.000000,0.000000,254.000000,272.000000,0.000000,0.000000,392.000000,501.000000,1.000000,0.000000,203.000000,85.000000,1.000000,0.000000,0.000000,161.000000,147.000000,30.000000,0.000000,0.000000,0.000000,1.000000,0.000000,0.000000,0.000000,0.000000,0.000000,11.000000,95.000000,5.000000,0.000000,5.000000,0.000000,8.000000,0.000000,0.000000,0.000000,0.000000,0.000000,0.000000,0.000000,0.000000,0.000000,0.000000,0.000000,0.000000,35.000000,0.000000,0.000000,0.000000,57.000000,218.000000,0.000000,416.000000,168.000000,57.000000,142.000000,199.000000,237.000000,260.000000,203.000000,270.000000,12.000000,307.000000,387.000000,262.000000,52.000000,24.000000,1.000000,0.000000,76.000000,15.000000,0.000000,348.000000,31.000000,41.000000,275.000000,167.000000,0.000000,207.000000,372.000000,163.000000,0.000000,0.000000,11.000000,6.000000,19.000000,0.000000,0.000000,0.000000,0.000000,0.000000,0.000000,0.000000,0.000000,0.000000,0.000000,0.000000,326.000000,0.000000,0.000000,857.000000,2.000000,1.000000,100.000000,0.000000,0.000000,0.000000,1007.000000,41.000000,0.000000,0.000000,139.000000,80.000000,102.000000,48.000000,78.000000,0.000000,25.000000,12.000000,113.000000,2.000000,19.000000,7.000000,137.000000,14.000000,0.000000,11.000000,117.000000,0.000000,519.000000,45.000000,0.000000,205.000000,0.000000,0.000000,0.000000,0.000000,0.000000,0.000000,0.000000,151.000000,0.000000,0.000000,0.000000,0.000000,1.000000,2.000000,0.000000,1.000000,49.000000,0.000000,0.000000,318.000000,1.000000,0.000000,0.000000,0.000000,0.000000,0.000000,0.000000,0.000000,143.000000,17.000000,0.000000,2.000000,119.000000,0.000000,0.000000,0.000000,30.000000,0.000000,0.000000,0.000000,0.000000,13.000000,0.000000,0.000000,0.000000,0.000000,0.000000,0.000000,0.000000,0.000000,0.000000,0.000000,0.000000,0.000000,0.000000,0.000000,0.000000,0.000000,0.000000,0.000000,0.000000,0.000000,0.000000,0.000000,0.000000,0.000000,0.000000,0.000000,0.000000,0.000000,0.000000,0.000000,0.000000,0.000000,0.000000,0.000000,19.000000,11.000000,0.000000,0.000000,1035.000000,149.000000,11.000000,1085.000000,720.000000,0.000000,460.000000,186.000000,11.000000,555.000000,34.000000,0.000000,0.000000,0.000000,0.000000,0.000000,0.000000,0.000000,0.000000,0.000000,0.000000,0.000000,0.000000,0.000000,0.000000,0.000000,0.000000,0.000000,7.000000,0.000000,0.000000,0.000000,258.000000,0.000000,111.000000,0.000000,42.000000,207.000000,96.000000,40.000000,0.000000,1.000000,1.000000,45.000000,0.000000,0.000000,223.000000,268.000000,0.000000,0.000000,0.000000,0.000000,0.000000,133.000000,6.000000,21.000000,1.000000,72.000000,87.000000,0.000000,0.000000,4.000000,0.000000,1.000000,0.000000,54.000000,0.000000,0.000000,0.000000,0.000000,0.000000,0.000000,0.000000,0.000000,24.000000,0.000000,0.000000,0.000000,0.000000,0.000000,0.000000,0.000000,0.000000,0.000000,0.000000,0.000000,0.000000,0.000000,0.000000,0.000000,1.000000,337.000000
    Mean Firing Rate (Hz),1.025000,0.541667,2.425000,0.108333,2.933333,0.708333,2.825000,0.000000,1.216667,0.008333,0.866667,3.375000,1.891667,0.000000,0.750000,0.091667,3.458333,1.016667,2.808333,1.766667,4.025000,0.000000,0.000000,0.283333,0.025000,2.800000,3.583333,4.708333,0.008333,1.416667,1.141667,1.566667,2.400000,3.491667,5.983333,5.366667,2.225000,4.066667,0.958333,5.558333,2.258333,3.500000,0.425000,3.208333,1.025000,0.000000,6.108333,6.058333,0.000000,0.658333,0.000000,0.100000,0.633333,0.500000,0.400000,0.000000,0.000000,2.866667,0.000000,0.000000,0.625000,0.000000,0.000000,0.025000,0.000000,0.000000,0.733333,0.558333,0.725000,0.008333,0.000000,0.000000,0.000000,0.000000,0.000000,0.000000,0.250000,0.008333,0.000000,0.000000,2.116667,2.266667,0.000000,0.000000,3.266667,4.175000,0.008333,0.000000,1.691667,0.708333,0.008333,0.000000,0.000000,1.341667,1.225000,0.250000,0.000000,0.000000,0.000000,0.008333,0.000000,0.000000,0.000000,0.000000,0.000000,0.091667,0.791667,0.041667,0.000000,0.041667,0.000000,0.066667,0.000000,0.000000,0.000000,0.000000,0.000000,0.000000,0.000000,0.000000,0.000000,0.000000,0.000000,0.000000,0.291667,0.000000,0.000000,0.000000,0.475000,1.816667,0.000000,3.466667,1.400000,0.475000,1.183333,1.658333,1.975000,2.166667,1.691667,2.250000,0.100000,2.558333,3.225000,2.183333,0.433333,0.200000,0.008333,0.000000,0.633333,0.125000,0.000000,2.900000,0.258333,0.341667,2.291667,1.391667,0.000000,1.725000,3.100000,1.358333,0.000000,0.000000,0.091667,0.050000,0.158333,0.000000,0.000000,0.000000,0.000000,0.000000,0.000000,0.000000,0.000000,0.000000,0.000000,0.000000,2.716667,0.000000,0.000000,7.141667,0.016667,0.008333,0.833333,0.000000,0.000000,0.000000,8.391667,0.341667,0.000000,0.000000,1.158333,0.666667,0.850000,0.400000,0.650000,0.000000,0.208333,0.100000,0.941667,0.016667,0.158333,0.058333,1.141667,0.116667,0.000000,0.091667,0.975000,0.000000,4.325000,0.375000,0.000000,1.708333,0.000000,0.000000,0.000000,0.000000,0.000000,0.000000,0.000000,1.258333,0.000000,0.000000,0.000000,0.000000,0.008333,0.016667,0.000000,0.008333,0.408333,0.000000,0.000000,2.650000,0.008333,0.000000,0.000000,0.000000,0.000000,0.000000,0.000000,0.000000,1.191667,0.141667,0.000000,0.016667,0.991667,0.000000,0.000000,0.000000,0.250000,0.000000,0.000000,0.000000,0.000000,0.108333,0.000000,0.000000,0.000000,0.000000,0.000000,0.000000,0.000000,0.000000,0.000000,0.000000,0.000000,0.000000,0.000000,0.000000,0.000000,0.000000,0.000000,0.000000,0.000000,0.000000,0.000000,0.000000,0.000000,0.000000,0.000000,0.000000,0.000000,0.000000,0.000000,0.000000,0.000000,0.000000,0.000000,0.000000,0.158333,0.091667,0.000000,0.000000,8.625000,1.241667,0.091667,9.041667,6.000000,0.000000,3.833333,1.550000,0.091667,4.625000,0.283333,0.000000,0.000000,0.000000,0.000000,0.000000,0.000000,0.000000,0.000000,0.000000,0.000000,0.000000,0.000000,0.000000,0.000000,0.000000,0.000000,0.000000,0.058333,0.000000,0.000000,0.000000,2.150000,0.000000,0.925000,0.000000,0.350000,1.725000,0.800000,0.333333,0.000000,0.008333,0.008333,0.375000,0.000000,0.000000,1.858333,2.233333,0.000000,0.000000,0.000000,0.000000,0.000000,1.108333,0.050000,0.175000,0.008333,0.600000,0.725000,0.000000,0.000000,0.033333,0.000000,0.008333,0.000000,0.450000,0.000000,0.000000,0.000000,0.000000,0.000000,0.000000,0.000000,0.000000,0.200000,0.000000,0.000000,0.000000,0.000000,0.000000,0.000000,0.000000,0.000000,0.000000,0.000000,0.000000,0.000000,0.000000,0.000000,0.000000,0.008333,2.808333
    ISI Coefficient of Variation,7.639188,5.511452,11.805989,2.311316,12.337943,6.326937,12.748641, ,8.334101, ,7.014034,12.653381,10.416816, ,6.515420,2.465442,2.606003,2.243488,2.579456,3.331974,2.976746, , ,2.123739, ,2.931633,2.701474,2.962774, ,2.252374,2.806303,2.580893,4.959539,6.019596,7.920733,7.499425,4.795943,6.520375,3.060752,7.643315,4.818360,6.053096,1.907866,5.771585,3.172202, ,8.003796,7.966649, ,3.639621, ,1.500225,3.566167,3.142762,2.763282, , ,7.792727, , ,3.538946, , , , , ,3.501161,3.192600,2.453515, , , , , , , ,2.345125, , , ,5.248243,5.391370, , ,6.443688,4.940785, , ,4.969398,4.965581, , , ,4.120888,7.480138,2.410313, , , , , , , , , ,1.534542,1.200404, , , , , , , , , , , , , , , , , ,1.938757, , , ,3.648749,6.926343, ,9.058056,6.068145,3.649597,4.308492,6.483591,7.218787,7.575631,6.553427,7.573040,1.409055,7.335580,4.450153,2.999531,1.757410,1.615320, , ,1.466521,1.280683, ,2.730095,1.549092,0.954235,2.404710,1.688889, ,2.290738,2.687911,1.739351, , ,0.793183, ,0.970007, , , , , , , , , , , ,0.177534, , ,1.720815, , ,1.465716, , , ,0.546820,1.601957, , ,0.764143,0.869747,2.616589,1.900425,3.142335, ,2.056005,1.365090,3.705860, ,1.423032, ,3.820498,2.524462, ,1.493981,3.352016, ,1.019814,1.963014, ,2.313962, , , , , , , ,2.115083, , , , , , , , ,3.594746, , ,3.624493, , , , , , , , ,6.826369,2.467392, , ,6.944465, , , ,3.380446, , , , ,2.090753, , , , , , , , , , , , , , , , , , , , , , , , , , , , , , , , , , ,1.788249,1.761973, , ,2.757396,3.095243,2.662420,3.338423,2.854833, ,2.416112,2.197564,1.404702,4.000482,1.568217, , , , , , , , , , , , , , , , , , , , , ,2.488075, ,2.329854, ,1.063097,1.797180,2.277313,1.930639, , , ,3.202451, , ,0.763558,1.252343, , , , , ,11.309656, ,4.410378, ,8.317100,9.142177, , , , , , ,1.920967, , , , , , , , ,1.283350, , , , , , , , , , , , , , , , ,5.010508
Electrode Burst Metrics
    Number of Bursts,4.000000,3.000000,4.000000,1.000000,4.000000,4.000000,4.000000,0.000000,5.000000,0.000000,3.000000,4.000000,5.000000,0.000000,4.000000,1.000000,19.000000,4.000000,9.000000,7.000000,22.000000,0.000000,0.000000,4.000000,0.000000,11.000000,27.000000,36.000000,0.000000,5.000000,5.000000,6.000000,14.000000,14.000000,14.000000,14.000000,14.000000,14.000000,14.000000,14.000000,14.000000,14.000000,4.000000,14.000000,15.000000,0.000000,14.000000,14.000000,0.000000,7.000000,0.000000,0.000000,9.000000,8.000000,2.000000,0.000000,0.000000,9.000000,0.000000,0.000000,7.000000,0.000000,0.000000,0.000000,0.000000,0.000000,6.000000,10.000000,6.000000,0.000000,0.000000,0.000000,0.000000,0.000000,0.000000,0.000000,2.000000,0.000000,0.000000,0.000000,12.000000,12.000000,0.000000,0.000000,15.000000,14.000000,0.000000,0.000000,10.000000,7.000000,0.000000,0.000000,0.000000,8.000000,6.000000,2.000000,0.000000,0.000000,0.000000,0.000000,0.000000,0.000000,0.000000,0.000000,0.000000,1.000000,2.000000,0.000000,0.000000,1.000000,0.000000,1.000000,0.000000,0.000000,0.000000,0.000000,0.000000,0.000000,0.000000,0.000000,0.000000,0.000000,0.000000,0.000000,3.000000,0.000000,0.000000,0.000000,6.000000,10.000000,0.000000,9.000000,10.000000,5.000000,9.000000,8.000000,10.000000,10.000000,10.000000,9.000000,0.000000,9.000000,8.000000,8.000000,4.000000,0.000000,0.000000,0.000000,4.000000,0.000000,0.000000,19.000000,1.000000,0.000000,24.000000,6.000000,0.000000,22.000000,40.000000,10.000000,0.000000,0.000000,0.000000,0.000000,0.000000,0.000000,0.000000,0.000000,0.000000,0.000000,0.000000,0.000000,0.000000,0.000000,0.000000,0.000000,0.000000,0.000000,0.000000,108.000000,0.000000,0.000000,1.000000,0.000000,0.000000,0.000000,18.000000,0.000000,0.000000,0.000000,0.000000,1.000000,6.000000,6.000000,7.000000,0.000000,2.000000,0.000000,7.000000,0.000000,1.000000,0.000000,9.000000,0.000000,0.000000,0.000000,5.000000,0.000000,5.000000,3.000000,0.000000,9.000000,0.000000,0.000000,0.000000,0.000000,0.000000,0.000000,0.000000,7.000000,0.000000,0.000000,0.000000,0.000000,0.000000,0.000000,0.000000,0.000000,4.000000,0.000000,0.000000,11.000000,0.000000,0.000000,0.000000,0.000000,0.000000,0.000000,0.000000,0.000000,4.000000,1.000000,0.000000,0.000000,5.000000,0.000000,0.000000,0.000000,4.000000,0.000000,0.000000,0.000000,0.000000,0.000000,0.000000,0.000000,0.000000,0.000000,0.000000,0.000000,0.000000,0.000000,0.000000,0.000000,0.000000,0.000000,0.000000,0.000000,0.000000,0.000000,0.000000,0.000000,0.000000,0.000000,0.000000,0.000000,0.000000,0.000000,0.000000,0.000000,0.000000,0.000000,0.000000,0.000000,0.000000,0.000000,0.000000,0.000000,2.000000,0.000000,0.000000,0.000000,25.000000,4.000000,0.000000,30.000000,23.000000,0.000000,19.000000,9.000000,0.000000,23.000000,1.000000,0.000000,0.000000,0.000000,0.000000,0.000000,0.000000,0.000000,0.000000,0.000000,0.000000,0.000000,0.000000,0.000000,0.000000,0.000000,0.000000,0.000000,0.000000,0.000000,0.000000,0.000000,11.000000,0.000000,7.000000,0.000000,1.000000,8.000000,7.000000,1.000000,0.000000,0.000000,0.000000,5.000000,0.000000,0.000000,3.000000,3.000000,0.000000,0.000000,0.000000,0.000000,0.000000,3.000000,0.000000,2.000000,0.000000,3.000000,3.000000,0.000000,0.000000,0.000000,0.000000,0.000000,0.000000,1.000000,0.000000,0.000000,0.000000,0.000000,0.000000,0.000000,0.000000,0.000000,1.000000,0.000000,0.000000,0.000000,0.000000,0.000000,0.000000,0.000000,0.000000,0.000000,0.000000,0.000000,0.000000,0.000000,0.000000,0.000000,0.000000,4.000000
    Burst Duration - Avg (sec),0.535700,0.587787,0.542200,0.306560,0.556740,0.473060,0.542960, ,0.398704, ,0.685227,0.554980,0.403968, ,0.471100,0.157920,0.067764,0.112160,0.077289,0.077966,0.069487, , ,0.061800, ,0.058036,0.049111,0.084276, ,0.089856,0.086368,0.099307,0.171274,0.172794,0.178086,0.171823,0.128406,0.159834,0.080869,0.165194,0.152006,0.140754,0.043620,0.160863,0.085867, ,0.179080,0.182811, ,0.210251, , ,0.172427,0.145410,0.221560, , ,0.292764, , ,0.242560, , , , , ,0.072347,0.056552,0.071173, , , , , , , ,0.053280, , , ,0.123980,0.117400, , ,0.113707,0.140571, , ,0.128384,0.160811, , , ,0.153270,0.185507,0.137920, , , , , , , , , ,0.053920,0.125360, , ,0.017280, ,0.056240, , , , , , , , , , , , ,0.027440, , , ,0.117187,0.109576, ,0.189476,0.098992,0.124176,0.101653,0.140020,0.111712,0.113632,0.097512,0.133476, ,0.148133,0.223100,0.141370,0.055040, , , ,0.062060, , ,0.048017,0.103440, ,0.032730,0.013600, ,0.026618,0.028072,0.016232, , , , , , , , , , , , , , , , , , , ,0.042674, , ,0.070320, , , ,0.163538, , , , ,0.187760,0.057933,0.046107,0.056880, ,0.044840, ,0.063040, ,0.055280, ,0.062436, , , ,0.074096, ,0.201280,0.122613, ,0.139556, , , , , , , ,0.235154, , , , , , , , ,0.080980, , ,0.156611, , , , , , , , ,0.142280,0.081600, , ,0.154464, , , ,0.131740, , , , , , , , , , , , , , , , , , , , , , , , , , , , , , , , , , , , , , , ,0.082440, , , ,0.215984,0.222580, ,0.158560,0.198379, ,0.135604,0.164329, ,0.136852,0.160160, , , , , , , , , , , , , , , , , , , , , ,0.082378, ,0.032274, ,0.086560,0.074400,0.057554,0.089440, , , ,0.054704, , ,0.172613,0.139200, , , , , ,0.187840, ,0.096000, ,0.145813,0.167120, , , , , , ,0.323840, , , , , , , , ,0.241840, , , , , , , , , , , , , , , , ,0.506160
    Burst Duration - Std (sec),0.348997,0.165847,0.355283, ,0.360812,0.297358,0.352663, ,0.307757, ,0.206063,0.369739,0.308880, ,0.293244, ,0.095671,0.022732,0.067513,0.052006,0.095763, , ,0.033318, ,0.054848,0.057801,0.077882, ,0.046996,0.047514,0.072176,0.061629,0.062092,0.060395,0.060731,0.056012,0.051204,0.067793,0.058199,0.060429,0.056224,0.027781,0.061354,0.066246, ,0.074402,0.079980, ,0.088371, , ,0.119457,0.049746,0.032527, , ,0.123552, , ,0.150922, , , , , ,0.020689,0.033204,0.018015, , , , , , , ,0.036770, , , ,0.153497,0.157305, , ,0.145739,0.170454, , ,0.164090,0.184437, , , ,0.179336,0.188043,0.066072, , , , , , , , , , ,0.096732, , , , , , , , , , , , , , , , , ,0.006208, , , ,0.051309,0.063875, ,0.158533,0.061323,0.049436,0.056090,0.140456,0.064662,0.064242,0.057469,0.139956, ,0.133138,0.194692,0.141008,0.020580, , , ,0.027506, , ,0.033697, , ,0.027629,0.001496, ,0.017254,0.022199,0.003588, , , , , , , , , , , , , , , , , , , ,0.023244, , , , , , ,0.094819, , , , , ,0.030143,0.023047,0.017914, ,0.017140, ,0.033224, , , ,0.036975, , , ,0.034029, ,0.034251,0.041038, ,0.106567, , , , , , , ,0.081464, , , , , , , , ,0.037521, , ,0.100557, , , , , , , , ,0.041410, , , ,0.091087, , , ,0.076951, , , , , , , , , , , , , , , , , , , , , , , , , , , , , , , , , , , , , , , ,0.025512, , , ,0.151220,0.240600, ,0.247662,0.154327, ,0.156922,0.221268, ,0.182261, , , , , , , , , , , , , , , , , , , , , , ,0.060401, ,0.031500, , ,0.052290,0.045083, , , , ,0.018120, , ,0.097919,0.069819, , , , , ,0.053331, ,0.038467, ,0.045133,0.036257, , , , , , , , , , , , , , , , , , , , , , , , , , , , , , , , ,0.212905
    Number of Spikes per Burst - Avg,30.750000,19.666667,72.750000,5.000000,87.750000,20.250000,84.750000, ,29.200000, ,33.333333,101.000000,45.400000, ,21.500000,6.000000,14.894737,20.500000,22.666667,23.857143,15.045455, , ,6.750000, ,20.636364,12.148148,11.972222, ,21.400000,19.600000,22.333333,20.571429,29.928571,51.285714,46.000000,19.071429,34.857143,7.428571,47.642857,19.357143,30.000000,5.750000,27.500000,7.866667, ,52.357143,51.928571, ,9.285714, , ,7.444444,7.125000,6.000000, , ,38.222222, , ,8.571429, , , , , ,13.666667,6.700000,10.666667, , , , , , , ,7.500000, , , ,20.166667,21.333333, , ,26.000000,31.142857, , ,18.800000,11.142857, , , ,18.375000,22.666667,5.500000, , , , , , , , , ,11.000000,18.500000, , ,5.000000, ,8.000000, , , , , , , , , , , , ,5.666667, , , ,7.833333,21.800000, ,45.888889,16.800000,8.400000,15.444444,24.500000,23.600000,26.000000,20.200000,29.777778, ,33.666667,46.000000,25.625000,6.500000, , , ,6.250000, , ,13.631579,5.000000, ,9.083333,5.166667, ,7.090909,8.425000,5.300000, , , , , , , , , , , , , , , , , , , ,5.870370, , ,5.000000, , , ,6.888889, , , , ,7.000000,12.666667,6.333333,10.714286, ,7.000000, ,14.000000, ,5.000000, ,13.777778, , , ,21.600000, ,18.000000,7.000000, ,16.444444, , , , , , , ,14.142857, , , , , , , , ,11.000000, , ,26.181818, , , , , , , , ,34.750000,6.000000, , ,23.800000, , , ,6.500000, , , , , , , , , , , , , , , , , , , , , , , , , , , , , , , , , , , , , , , ,6.000000, , , ,27.960000,27.000000, ,29.200000,23.000000, ,15.421053,13.888889, ,20.826087,6.000000, , , , , , , , , , , , , , , , , , , , , ,12.090909, ,9.428571, ,5.000000,10.625000,9.285714,11.000000, , , ,5.400000, , ,10.000000,8.000000, , , , , ,44.333333, ,7.500000, ,24.000000,29.000000, , , , , , ,54.000000, , , , , , , , ,24.000000, , , , , , , , , , , , , , , , ,78.500000
    Number of Spikes per Burst - Std,22.396056,5.859465,55.835323, ,64.059217,10.812801,67.386324, ,16.813685, ,13.868429,79.527773,34.085187, ,9.398581, ,17.559090,5.322906,17.923448,15.104399,17.924384, , ,1.500000, ,18.895887,14.442735,14.371571, ,9.813256,8.443933,12.500667,5.487248,7.800042,11.445043,9.844952,4.906264,8.103723,1.949923,10.058346,5.138200,6.793662,0.957427,6.980743,3.270357, ,11.971808,10.971742, ,3.039424, , ,3.126944,2.356602,0.000000, , ,10.860223, , ,3.457222, , , , , ,3.723797,1.337494,2.338090, , , , , , , ,0.707107, , , ,15.578735,18.132509, , ,23.018626,29.651455, , ,12.327025,4.220133, , , ,12.034919,17.420295,0.707107, , , , , , , , , , ,17.677670, , , , , , , , , , , , , , , , , ,0.577350, , , ,1.329160,9.126275, ,31.378514,7.524774,1.949359,2.697736,14.540584,10.986861,10.883218,7.315129,18.198748, ,20.334699,28.938358,11.648881,1.732051, , , ,0.957427, , ,8.538869, , ,4.915960,0.408248, ,1.477098,3.788562,0.483046, , , , , , , , , , , , , , , , , , , ,0.809899, , , , , , ,1.936914, , , , , ,4.457204,1.861899,3.352327, ,0.000000, ,4.546061, , , ,10.109127, , , ,8.706320, ,5.787918,1.732051, ,9.328868, , , , , , , ,6.388233, , , , , , , , ,3.162278, , ,23.292995, , , , , , , , ,3.593976, , , ,12.316655, , , ,1.290994, , , , , , , , , , , , , , , , , , , , , , , , , , , , , , , , , , , , , , , ,1.414214, , , ,19.613941,10.708252, ,40.994028,17.720045, ,16.717641,14.819282, ,29.277128, , , , , , , , , , , , , , , , , , , , , , ,8.595982, ,9.126101, , ,9.379880,6.921327, , , , ,0.547723, , ,6.244998,3.464102, , , , , ,2.516611, ,0.707107, ,2.000000,5.196152, , , , , , , , , , , , , , , , , , , , , , , , , , , , , , , , ,12.714821
    Mean ISI within Burst - Avg (sec),0.019635,0.031820,0.009284,0.076640,0.006830,0.022948,0.007384, ,0.013657, ,0.022400,0.006521,0.009294, ,0.020659,0.031584,0.005194,0.005870,0.003691,0.003395,0.005170, , ,0.010908, ,0.002970,0.005498,0.010469, ,0.004304,0.004338,0.004232,0.008921,0.005916,0.003534,0.003819,0.007055,0.004805,0.011823,0.003516,0.008200,0.004864,0.009762,0.006226,0.012122, ,0.003391,0.003500, ,0.025764, , ,0.025139,0.025027,0.044312, , ,0.007578, , ,0.032614, , , , , ,0.005831,0.010994,0.007519, , , , , , , ,0.007936, , , ,0.005304,0.004819, , ,0.003913,0.004397, , ,0.005568,0.012799, , , ,0.006826,0.007475,0.029864, , , , , , , , , ,0.005392,0.008925, , ,0.004320, ,0.008034, , , , , , , , , , , , ,0.005833, , , ,0.018578,0.005509, ,0.003907,0.006131,0.018240,0.006690,0.005343,0.004974,0.004664,0.005028,0.004179, ,0.004378,0.004507,0.004954,0.010235, , , ,0.011499, , ,0.003721,0.025860, ,0.003653,0.003271, ,0.004153,0.003516,0.003779, , , , , , , , , , , , , , , , , , , ,0.008720, , ,0.017580, , , ,0.028802, , , , ,0.031293,0.004840,0.008729,0.006016, ,0.007473, ,0.004626, ,0.013820, ,0.006109, , , ,0.003545, ,0.012879,0.020667, ,0.007302, , , , , , , ,0.019091, , , , , , , , ,0.007872, , ,0.011171, , , , , , , , ,0.004227,0.016320, , ,0.006934, , , ,0.024355, , , , , , , , , , , , , , , , , , , , , , , , , , , , , , , , , , , , , , , ,0.016423, , , ,0.009388,0.011599, ,0.004923,0.009501, ,0.009583,0.010341, ,0.008245,0.032032, , , , , , , , , , , , , , , , , , , , , ,0.009000, ,0.003937, ,0.021640,0.010429,0.007971,0.008944, , , ,0.012835, , ,0.020905,0.019855, , , , , ,0.004303, ,0.015181, ,0.006463,0.005964, , , , , , ,0.006110, , , , , , , , ,0.010515, , , , , , , , , , , , , , , , ,0.006426
    Mean ISI within Burst - Std (sec),0.004652,0.002735,0.003035, ,0.001360,0.011771,0.002320, ,0.005909, ,0.004452,0.001764,0.003554, ,0.009643, ,0.004531,0.000912,0.000755,0.000465,0.004062, , ,0.006598, ,0.000308,0.006919,0.008870, ,0.000463,0.001074,0.001187,0.002152,0.000942,0.000736,0.000911,0.001889,0.001256,0.007189,0.000768,0.001782,0.001466,0.007276,0.001932,0.006190, ,0.000634,0.000851, ,0.006957, , ,0.006750,0.008794,0.006505, , ,0.001827, , ,0.017438, , , , , ,0.001240,0.008265,0.001866, , , , , , , ,0.004794, , , ,0.002871,0.001885, , ,0.001677,0.001916, , ,0.003842,0.011773, , , ,0.004259,0.002371,0.009990, , , , , , , , , , ,0.003488, , , , , , , , , , , , , , , , , ,0.000712, , , ,0.010525,0.003450, ,0.000861,0.003130,0.010407,0.002551,0.001649,0.001986,0.002339,0.002216,0.001530, ,0.001294,0.001424,0.002114,0.003421, , , ,0.003794, , ,0.000546, , ,0.001364,0.000312, ,0.002147,0.001398,0.000791, , , , , , , , , , , , , , , , , , , ,0.004048, , , , , , ,0.017945, , , , , ,0.001760,0.004095,0.001232, ,0.002857, ,0.001348, , , ,0.003039, , , ,0.000479, ,0.003885,0.006229, ,0.003473, , , , , , , ,0.005078, , , , , , , , ,0.001173, , ,0.011314, , , , , , , , ,0.001247, , , ,0.001912, , , ,0.012378, , , , , , , , , , , , , , , , , , , , , , , , , , , , , , , , , , , , , , , ,0.000457, , , ,0.005704,0.016367, ,0.001651,0.006115, ,0.005379,0.006149, ,0.005667, , , , , , , , , , , , , , , , , , , , , , ,0.006741, ,0.001578, , ,0.009931,0.007257, , , , ,0.005238, , ,0.011318,0.001036, , , , , ,0.001057, ,0.007569, ,0.002535,0.000555, , , , , , , , , , , , , , , , , , , , , , , , , , , , , , , , ,0.001955
    Median ISI within Burst - Avg (sec),0.006180,0.030013,0.003140,0.078840,0.002700,0.014270,0.002800, ,0.003200, ,0.004027,0.002930,0.003616, ,0.010500,0.023200,0.004105,0.003900,0.003280,0.002806,0.002958, , ,0.006030, ,0.002709,0.003601,0.004803, ,0.003168,0.003024,0.003007,0.003566,0.003071,0.002777,0.002777,0.004174,0.002843,0.003943,0.002706,0.004329,0.002914,0.008950,0.003560,0.004755, ,0.002674,0.002631, ,0.017400, , ,0.012351,0.015525,0.052040, , ,0.003080, , ,0.030989, , , , , ,0.003700,0.007848,0.004133, , , , , , , ,0.004180, , , ,0.002980,0.003360, , ,0.002837,0.002974, , ,0.003088,0.008834, , , ,0.003990,0.004320,0.025020, , , , , , , , , ,0.002640,0.004880, , ,0.004680, ,0.006560, , , , , , , , , , , , ,0.003280, , , ,0.006127,0.002912, ,0.002822,0.003104,0.005520,0.002947,0.002865,0.002872,0.002876,0.003056,0.002880, ,0.002702,0.002810,0.002885,0.007420, , , ,0.008970, , ,0.002777,0.023280, ,0.002675,0.003140, ,0.002782,0.002986,0.003616, , , , , , , , , , , , , , , , , , , ,0.005507, , ,0.015920, , , ,0.025013, , , , ,0.018160,0.003253,0.004580,0.003691, ,0.005160, ,0.002926, ,0.006400, ,0.003382, , , ,0.002776, ,0.005440,0.004320, ,0.005422, , , , , , , ,0.007406, , , , , , , , ,0.004800, , ,0.010429, , , , , , , , ,0.002780,0.008560, , ,0.004240, , , ,0.012480, , , , , , , , , , , , , , , , , , , , , , , , , , , , , , , , , , , , , , , ,0.008800, , , ,0.005234,0.011050, ,0.003344,0.004699, ,0.004046,0.003636, ,0.004463,0.005040, , , , , , , , , , , , , , , , , , , , , ,0.003313, ,0.002851, ,0.016240,0.004940,0.004097,0.008080, , , ,0.007880, , ,0.008107,0.012400, , , , , ,0.002813, ,0.008120, ,0.003120,0.003573, , , , , , ,0.002800, , , , , , , , ,0.003040, , , , , , , , , , , , , , , , ,0.003170
    Median ISI within Burst - Std (sec),0.004306,0.022181,0.000578, ,0.000077,0.019409,0.000113, ,0.000397, ,0.000244,0.000200,0.000517, ,0.005285, ,0.003076,0.000679,0.000905,0.000247,0.000530, , ,0.002170, ,0.000286,0.004098,0.004775, ,0.000279,0.000249,0.000153,0.000615,0.000205,0.000110,0.000131,0.000688,0.000269,0.001467,0.000087,0.000945,0.000181,0.008262,0.000426,0.003429, ,0.000073,0.000097, ,0.016992, , ,0.009903,0.015285,0.002432, , ,0.000241, , ,0.027505, , , , , ,0.001085,0.008092,0.000532, , , , , , , ,0.000198, , , ,0.000485,0.001156, , ,0.000231,0.000354, , ,0.000284,0.011264, , , ,0.001121,0.001836,0.022995, , , , , , , , , , ,0.001810, , , , , , , , , , , , , , , , , ,0.000865, , , ,0.002968,0.000319, ,0.000238,0.000367,0.002065,0.000235,0.000275,0.000263,0.000240,0.000533,0.000310, ,0.000148,0.000189,0.000225,0.004996, , , ,0.004927, , ,0.000277, , ,0.000247,0.000409, ,0.000372,0.000385,0.000869, , , , , , , , , , , , , , , , , , , ,0.002599, , , , , , ,0.023874, , , , , ,0.000393,0.002283,0.000848, ,0.000339, ,0.000173, , , ,0.000767, , , ,0.000112, ,0.001095,0.001598, ,0.002094, , , , , , , ,0.004100, , , , , , , , ,0.000982, , ,0.013966, , , , , , , , ,0.000077, , , ,0.000810, , , ,0.016880, , , , , , , , , , , , , , , , , , , , , , , , , , , , , , , , , , , , , , , ,0.006619, , , ,0.004305,0.016740, ,0.000700,0.004173, ,0.002415,0.000823, ,0.003251, , , , , , , , , , , , , , , , , , , , , , ,0.001468, ,0.000361, , ,0.002808,0.001794, , , , ,0.003092, , ,0.005397,0.011782, , , , , ,0.000205, ,0.003224, ,0.000277,0.000370, , , , , , , , , , , , , , , , , , , , , , , , , , , , , , , , ,0.000369
    Median/Mean ISI within Burst,0.294176,0.906819,0.354217,1.028706,0.406013,0.605813,0.400696, ,0.323324, ,0.183909,0.469670,0.450668, ,0.544986,0.734549,0.860412,0.664352,0.892065,0.832291,0.726855, , ,0.661703, ,0.915484,0.837637,0.557024, ,0.741900,0.734178,0.748084,0.419134,0.533887,0.810594,0.761986,0.632395,0.618111,0.498557,0.799365,0.543423,0.645439,0.898549,0.613166,0.458531, ,0.808455,0.783821, ,0.602711, , ,0.474679,0.541487,1.191267, , ,0.426581, , ,0.844279, , , , , ,0.658113,0.765551,0.584922, , , , , , , ,0.634998, , , ,0.688046,0.745903, , ,0.811979,0.759219, , ,0.710384,0.747283, , , ,0.678143,0.599351,0.751031, , , , , , , , , ,0.489614,0.549060, , ,1.083333, ,0.816501, , , , , , , , , , , , ,0.575542, , , ,0.431017,0.653544, ,0.754322,0.585942,0.344799,0.489344,0.572848,0.639033,0.697932,0.678039,0.753698, ,0.659521,0.674607,0.660411,0.711418, , , ,0.741933, , ,0.757568,0.900232, ,0.799477,0.958985, ,0.784532,0.896197,0.955801, , , , , , , , , , , , , , , , , , , ,0.650849, , ,0.905575, , , ,0.818504, , , , ,0.580315,0.739814,0.560291,0.630322, ,0.735510, ,0.678834, ,0.463097, ,0.633673, , , ,0.791346, ,0.438455,0.220914, ,0.803433, , , , , , , ,0.372665, , , , , , , , ,0.612343, , ,0.790168, , , , , , , , ,0.694173,0.524510, , ,0.640289, , , ,0.392438, , , , , , , , , , , , , , , , , , , , , , , , , , , , , , , , , , , , , , , ,0.541643, , , ,0.583347,0.848999, ,0.729748,0.512796, ,0.452666,0.458242, ,0.615230,0.157343, , , , , , , , , , , , , , , , , , , , , ,0.574736, ,0.788885, ,0.750462,0.599355,0.626849,0.903399, , , ,0.644473, , ,0.477562,0.606660, , , , , ,0.678618, ,0.550340, ,0.531118,0.599259, , , , , , ,0.458251, , , , , , , , ,0.289117, , , , , , , , , , , , , , , , ,0.512295
    Inter-Burst Interval - Avg (sec),39.063893,58.603080,39.068640, ,39.054213,39.067760,39.071413, ,29.301660, ,58.603800,39.071013,29.301600, ,39.069707, ,4.566818,20.302107,12.001160,11.415800,5.344053, , ,20.300800, ,8.399824,4.316597,3.350782, ,17.123180,17.122520,13.697952,8.120898,8.121003,8.120868,8.120886,8.120960,8.122794,8.121052,8.121218,8.120800,8.121378,23.266960,8.120905,7.540960, ,8.120849,8.120578, ,18.470027, , ,13.852450,15.827817,110.771920, , ,13.852610, , ,18.468947, , , , , ,19.286528,10.798240,19.286224, , , , , , , ,13.905760, , , ,8.507171,8.506625, , ,6.729377,7.248062, , ,8.532871,12.798800, , , ,10.969886,13.972464,0.262880, , , , , , , , , , ,11.569600, , , , , , , , , , , , , , , , , ,53.085600, , , ,16.547664,9.234507, ,10.342750,9.226400,17.878200,10.380340,11.862777,9.235716,9.234027,9.226240,10.380460, ,10.379250,11.822777,11.863931,32.862320, , , ,26.761973, , ,6.494831, , ,5.195148,22.538176, ,5.689912,3.063791,12.989653, , , , , , , , , , , , , , , , , , , ,1.102330, , , , , , ,6.559078, , , , , ,19.144176,19.144864,15.949880, ,52.831040, ,15.948947, , , ,13.038600, , , ,23.918240, ,24.211220,42.407640, ,13.857470, , , , , , , ,18.476973, , , , , , , , ,26.767760, , ,11.624224, , , , , , , , ,33.860347, , , ,25.464100, , , ,21.154533, , , , , , , , , , , , , , , , , , , , , , , , , , , , , , , , , , , , , , , ,4.760000, , , ,4.803810,38.396480, ,3.975597,5.240542, ,6.405129,12.314350, ,5.240556, , , , , , , , , , , , , , , , , , , , , , ,11.636288, ,19.393520, , ,16.623200,19.392867, , , , ,24.896500, , ,21.717400,17.373320, , , , , ,21.712200, ,43.519760, ,21.754720,21.758800, , , , , , , , , , , , , , , , , , , , , , , , , , , , , , , , ,15.555520
    Inter-Burst Interval - Std (sec),33.450496,5.070069,33.450176, ,33.440213,33.832116,33.445785, ,33.455068, ,4.758037,33.446439,33.455357, ,33.833738, ,3.766129,4.138134,8.386402,6.541203,6.098535, , ,4.137981, ,5.252459,2.986142,2.099089, ,7.196631,7.197020,7.352500,3.800573,3.803610,3.807120,3.806648,3.826271,3.808896,5.226926,3.814202,3.813882,3.821148,5.322672,3.809160,4.230772, ,3.810798,3.811645, ,10.006202, , ,10.345932,9.652259, , , ,10.345413, , ,16.193889, , , , , ,6.524848,8.245775,6.534304, , , , , , , , , , , ,10.358751,10.999773, , ,5.354896,5.349055, , ,11.765557,16.665438, , , ,15.724270,18.356013, , , , , , , , , , , , , , , , , , , , , , , , , , , , , ,1.558690, , , ,20.900849,10.017878, ,9.678091,10.015810,23.887099,11.250234,11.294011,10.020554,10.020912,10.018531,10.075587, ,10.074112,9.939656,11.294769,12.796001, , , ,21.473526, , ,4.294220, , ,2.764106,15.369139, ,3.943453,1.598366,10.648866, , , , , , , , , , , , , , , , , , , ,0.385435, , , , , , ,4.587894, , , , , ,10.206614,10.206785,9.035997, , , ,9.042104, , , ,6.397833, , , ,25.466240, ,20.975801,18.372275, ,12.787613, , , , , , , ,12.790656, , , , , , , , ,21.750098, , ,8.936755, , , , , , , , ,21.240702, , , ,24.146907, , , ,27.629400, , , , , , , , , , , , , , , , , , , , , , , , , , , , , , , , , , , , , , , , , , , ,3.575908,31.168747, ,4.117552,4.081393, ,7.792408,15.039357, ,5.611589, , , , , , , , , , , , , , , , , , , , , , ,13.848234, ,15.876886, , ,27.843655,17.387562, , , , ,31.513641, , ,30.371254,24.166590, , , , , ,30.366503, , , ,30.437949,30.430708, , , , , , , , , , , , , , , , , , , , , , , , , , , , , , , , ,20.084360
    Burst Frequency (Hz),0.033333,0.025000,0.033333,0.008333,0.033333,0.033333,0.033333, ,0.041667, ,0.025000,0.033333,0.041667, ,0.033333,0.008333,0.158333,0.033333,0.075000,0.058333,0.183333, , ,0.033333, ,0.091667,0.225000,0.300000, ,0.041667,0.041667,0.050000,0.116667,0.116667,0.116667,0.116667,0.116667,0.116667,0.116667,0.116667,0.116667,0.116667,0.033333,0.116667,0.125000, ,0.116667,0.116667, ,0.058333, , ,0.075000,0.066667,0.016667, , ,0.075000, , ,0.058333, , , , , ,0.050000,0.083333,0.050000, , , , , , , ,0.016667, , , ,0.100000,0.100000, , ,0.125000,0.116667, , ,0.083333,0.058333, , , ,0.066667,0.050000,0.016667, , , , , , , , , ,0.008333,0.016667, , ,0.008333, ,0.008333, , , , , , , , , , , , ,0.025000, , , ,0.050000,0.083333, ,0.075000,0.083333,0.041667,0.075000,0.066667,0.083333,0.083333,0.083333,0.075000, ,0.075000,0.066667,0.066667,0.033333, , , ,0.033333, , ,0.158333,0.008333, ,0.200000,0.050000, ,0.183333,0.333333,0.083333, , , , , , , , , , , , , , , , , , , ,0.900000, , ,0.008333, , , ,0.150000, , , , ,0.008333,0.050000,0.050000,0.058333, ,0.016667, ,0.058333, ,0.008333, ,0.075000, , , ,0.041667, ,0.041667,0.025000, ,0.075000, , , , , , , ,0.058333, , , , , , , , ,0.033333, , ,0.091667, , , , , , , , ,0.033333,0.008333, , ,0.041667, , , ,0.033333, , , , , , , , , , , , , , , , , , , , , , , , , , , , , , , , , , , , , , , ,0.016667, , , ,0.208333,0.033333, ,0.250000,0.191667, ,0.158333,0.075000, ,0.191667,0.008333, , , , , , , , , , , , , , , , , , , , , ,0.091667, ,0.058333, ,0.008333,0.066667,0.058333,0.008333, , , ,0.041667, , ,0.025000,0.025000, , , , , ,0.025000, ,0.016667, ,0.025000,0.025000, , , , , , ,0.008333, , , , , , , , ,0.008333, , , , , , , , , , , , , , , , ,0.033333
    IBI Coefficient of Variation,0.856302,0.086515,0.856190, ,0.856251,0.865986,0.856017, ,1.141747, ,0.081190,0.856042,1.141759, ,0.865984, ,0.824673,0.203828,0.698799,0.572996,1.141182, , ,0.203833, ,0.625306,0.691782,0.626447, ,0.420286,0.420325,0.536759,0.467999,0.468367,0.468807,0.468748,0.471160,0.468915,0.643627,0.469659,0.469644,0.470505,0.228765,0.469056,0.561039, ,0.469261,0.469381, ,0.541754, , ,0.746867,0.609829, , , ,0.746820, , ,0.876817, , , , , ,0.338311,0.763622,0.338807, , , , , , , , , , , ,1.217649,1.293083, , ,0.795749,0.737998, , ,1.378851,1.302109, , , ,1.433403,1.313728, , , , , , , , , , , , , , , , , , , , , , , , , , , , , ,0.029362, , , ,1.263069,1.084831, ,0.935737,1.085560,1.336102,1.083802,0.952055,1.084979,1.085216,1.085874,0.970630, ,0.970601,0.840721,0.952026,0.389382, , , ,0.802389, , ,0.661175, , ,0.532055,0.681916, ,0.693060,0.521696,0.819796, , , , , , , , , , , , , , , , , , , ,0.349654, , , , , , ,0.699472, , , , , ,0.533145,0.533134,0.566524, , , ,0.566941, , , ,0.490684, , , ,1.064720, ,0.866367,0.433230, ,0.922796, , , , , , , ,0.692248, , , , , , , , ,0.812548, , ,0.768804, , , , , , , , ,0.627303, , , ,0.948273, , , ,1.306075, , , , , , , , , , , , , , , , , , , , , , , , , , , , , , , , , , , , , , , , , , , ,0.744390,0.811761, ,1.035706,0.778811, ,1.216589,1.221287, ,1.070800, , , , , , , , , , , , , , , , , , , , , , ,1.190090, ,0.818670, , ,1.674988,0.896596, , , , ,1.265786, , ,1.398476,1.391017, , , , , ,1.398592, , , ,1.399142,1.398547, , , , , , , , , , , , , , , , , , , , , , , , , , , , , , , , ,1.291140
    Normalized Duration IQR,0.406360, ,0.387619, ,0.453499,0.320286,0.369200, ,1.205567, , ,0.385516,1.172917, ,0.320742, ,3.256044,0.000000,2.448633,1.230739,2.168546, , ,0.164206, ,3.284124,2.923484,1.535278, ,0.271617,0.370193,0.906375,0.198874,0.130102,0.183378,0.193592,0.365329,0.209065,0.912371,0.201112,0.270322,0.324263,0.529070,0.203566,1.061668, ,0.184279,0.182842, ,0.813633, , ,1.207771,0.291922, , , ,0.590522, , ,1.214021, , , , , ,0.301870,1.215988,0.134039, , , , , , , , , , , ,1.805084,1.144437, , ,1.731291,1.345431, , ,1.675035,3.960439, , , ,0.993620,3.149122, , , , , , , , , , , , , , , , , , , , , , , , , , , , , , , , , ,0.779292,1.098552, ,1.035408,1.110250,0.781422,0.576613,0.346927,1.173381,1.230739,1.162153,0.616988, ,0.506170,0.646641,0.221069,0.183468, , , ,0.000000, , ,1.573901, , ,1.191668,0.721182, ,0.537018,0.000000,0.593010, , , , , , , , , , , , , , , , , , , ,0.290651, , , , , , ,0.363296, , , , , ,0.504876,0.676962,0.533962, , , ,0.779110, , , ,0.610366, , , ,0.239703, ,0.049476, , ,1.066912, , , , , , , ,0.610366, , , , , , , , ,0.000000, , ,0.993057, , , , , , , , ,0.000000, , , ,0.083920, , , ,0.101070, , , , , , , , , , , , , , , , , , , , , , , , , , , , , , , , , , , , , , , , , , , ,1.212329,0.307244, ,2.133917,1.818899, ,0.663542,1.693741, ,0.905064, , , , , , , , , , , , , , , , , , , , , , ,1.061507, ,1.107302, , ,0.807259,2.307636, , , , ,0.386786, , , , , , , , , , , , , , , , , , , , , , , , , , , , , , , , , , , , , , , , , , , , , , , ,0.000000
    Burst Percentage,100.000000,90.769231,100.000000,38.461538,99.715909,95.294118,100.000000, ,100.000000,0.000000,96.153846,99.753086,100.000000, ,95.555556,54.545455,68.192771,67.213115,60.534125,78.773585,68.530021, , ,79.411765,0.000000,67.559524,76.279070,76.283186,0.000000,62.941176,71.532847,71.276596,100.000000,100.000000,100.000000,100.000000,100.000000,100.000000,90.434783,100.000000,100.000000,100.000000,45.098039,100.000000,95.934959, ,100.000000,100.000000, ,82.278481, ,0.000000,88.157895,95.000000,25.000000, , ,100.000000, , ,80.000000, , ,0.000000, , ,93.181818,100.000000,73.563218,0.000000, , , , , , ,50.000000,0.000000, , ,95.275591,94.117647, , ,99.489796,87.025948,0.000000, ,92.610837,91.764706,0.000000, , ,91.304348,92.517007,36.666667, , , ,0.000000, , , , , ,100.000000,38.947368,0.000000, ,100.000000, ,100.000000, , , , , , , , , , , , ,48.571429, , , ,82.456140,100.000000, ,99.278846,100.000000,73.684211,97.887324,98.492462,99.578059,100.000000,99.507389,99.259259,0.000000,98.697068,95.090439,78.244275,50.000000,0.000000,0.000000, ,32.894737,0.000000, ,74.425287,16.129032,0.000000,79.272727,18.562874, ,75.362319,90.591398,32.515337, , ,0.000000,0.000000,0.000000, , , , , , , , , , , ,0.000000, , ,73.978996,0.000000,0.000000,5.000000, , , ,12.313803,0.000000, , ,0.000000,8.750000,74.509804,79.166667,96.153846, ,56.000000,0.000000,86.725664,0.000000,26.315789,0.000000,90.510949,0.000000, ,0.000000,92.307692, ,17.341040,46.666667, ,72.195122, , , , , , , ,65.562914, , , , ,0.000000,0.000000, ,0.000000,89.795918, , ,90.566038,0.000000, , , , , , , ,97.202797,35.294118, ,0.000000,100.000000, , , ,86.666667, , , , ,0.000000, , , , , , , , , , , , , , , , , , , , , , , , , , , , , , , , , , ,63.157895,0.000000, , ,67.536232,72.483221,0.000000,80.737327,73.472222, ,63.695652,67.204301,0.000000,86.306306,17.647059, , , , , , , , , , , , , , , , , ,0.000000, , , ,51.550388, ,59.459459, ,11.904762,41.062802,67.708333,27.500000, ,0.000000,0.000000,60.000000, , ,13.452915,8.955224, , , , , ,100.000000,0.000000,71.428571,0.000000,100.000000,100.000000, , ,0.000000, ,0.000000, ,100.000000, , , , , , , , ,100.000000, , , , , , , , , , , , , , , ,0.000000,93.175074
Viability Metrics
    Resistance (kOhms),19.568004,18.319752,28.640789,13.687658,37.506270,21.540336,31.919021,10.430821,22.570021,10.503433,16.035423,33.627539, ,9.716848,10.592349, ,38.372683,17.404073,30.784532,29.284746,42.161000, ,9.843738,21.143853,10.566955,33.729231,36.527594,38.412611, ,22.668917,19.560893,30.629251,31.378082,24.336979,36.491374,30.742381,15.609543,26.737748,17.321415,35.219458,19.736623,20.604538,12.027046,18.183926, ,10.024716,31.511761,34.935907,9.682666,10.711728,9.635269,11.408607,12.762954,10.788212,11.408495,9.754027, ,23.370484,9.768581, , ,9.941787,9.730883,9.437611,9.610046,9.305390,23.206325,19.980806,14.196276,9.832135,9.017555,9.284962, , ,9.327763,9.326608, ,9.444976,9.592382,10.495037,22.962646,27.994980,9.498634,8.990132,36.097606,39.788401,9.275137,9.499552,25.485961,12.253311,9.496478,9.205247, ,16.780307,16.145517,10.425438,11.845790,10.667788,13.068383,11.172131,10.554995,10.386267,10.506231, , ,31.840276,38.620756,20.479732, ,15.407097,11.131903,22.713355,36.559190,11.253597,11.320805,11.540623,11.096323,20.224663,10.964586,11.120390,18.078937,10.985814,11.093671,11.457850, ,14.487996,16.859783,11.601571,14.669527,38.488934,11.120967,50.464589,26.494132,21.303596,28.424162,27.706852,35.601425,32.932831,34.196422,36.915443, ,44.086947,45.804897,27.352857,19.368887,14.763557,29.764239,11.845083,21.066459,18.624984,11.087442,39.137597,25.240235,19.072929,35.018554,29.296960, ,26.430519,42.408632,21.417964,11.477962,24.048631,28.198268,18.989154,26.921064,10.977668,11.352544,11.008315, ,11.318252,10.540209, , ,10.536303,11.283900,15.458348,33.682903,15.294878,10.569723,43.959188,14.722393,20.775244,39.426808,15.016588,12.389549,14.315402,38.696857,39.932544, ,16.811948,12.911181,40.682055,29.916884,13.226070,31.398959,11.080270,17.341910,15.729288,27.413867,12.805895,20.566246,12.804711,37.601267,15.693948, ,14.221187,36.064609, ,30.948872,31.166175,11.552750,21.832871,11.381710, ,12.250260,11.251432, ,31.419542,12.083683,43.913986, ,11.298475,11.222742,12.739292,24.378901,19.094346,11.559572,12.483517,18.714197,13.770766,11.263424,35.149964, ,11.666043,12.436124,11.358231, ,14.236747,14.597655,11.752704,31.567117,22.963485, ,11.328553,24.358000,13.004394,11.784826,11.598110,24.704688, ,16.855587, , ,15.601111,12.931466,13.222729,16.085124,9.599082,38.196433,10.092291,8.988604,8.828072,9.365791,9.447030,10.301935, ,27.365507,16.012049, ,11.724974,29.810645, ,10.059313,9.887402, ,7.963969,8.129563,11.728425,8.653183,8.016753,13.418437,24.191177,11.862190,8.328577, ,29.702600,9.602843,13.842439,19.616895,10.566001,9.407645,9.391215,25.090777,24.621829,10.435379,40.322787,20.173145,9.578827,31.281396,20.352479, ,27.951051,9.453310,9.638537,6.177060,6.266217,5.654056,6.219558,6.254978, ,6.147510,6.175429,6.256400,6.298915,6.275603,6.220434, ,6.259253,6.237417,6.223230,15.874920,10.594916,14.622623,10.656272,30.307956, ,30.622855, ,37.871296,24.931698,22.809826,14.518101, ,14.977535,12.575012,11.763579,12.022145,10.359751,25.231126,34.581972,10.848690,10.274279,10.617374,10.919194,11.904805,33.821748,16.366969,19.531834, ,17.684798,25.511849,11.805159,9.538418,25.090143,9.803594,10.749679,9.734167,28.694845,9.753466,9.760534, , ,9.575741,14.321189, ,10.150887,29.958772,9.582380,10.338236,10.920769,15.302022,9.592606, ,10.076813,9.944583,10.443176,11.526115,9.924638,9.863205,10.326589, ,9.961784,11.990731,28.860287

