AxIS Spike File,C:\Users\Emily Gordon\OneDrive - Nexus365\DPhil OXION\DB Rotation\MEA Project\MEA Paper\MEA_paper_hippocampal_data_analysis\Maddy_WT Hippocampal Culture\Blockers Challenge_04-05-23\WT hippocampal culture_31DIV_04-05-2023_BlockersChallenge(000).spk
File Type,24-well

Analysis Start,240.000000
Analysis End,360.000000
Active Electrode Criterion (spks/min), 5
Minimum Covered Resistance (kOhms),18
Remove Coincident Artifacts,False

Electrode Burst Settings,
    Algorithm,ISI Threshold,
    Min # of Spikes,5.000000
    Max ISI (ms),100.000000

Network Burst Settings,
    Algorithm,ISI Threshold,
    Min # of Spikes,50.000000
    Max ISI (ms),100.000000
    Min # of Electrodes (%),35.000000

Synchrony Settings,
    Synchrony Window,20.000000

Average Network Burst Analysis Settings,
    Number of network bursts vary by well
    Network Burst Window Start (ms),0.000000
    Network Burst Window End (ms),500.000000
    Bin Size (ms),1.000000

Well Averages,A1,A2,A3,A4,A5,A6,B1,B2,B3,B4,B5,B6,C1,C2,C3,C4,C5,C6,D1,D2,D3,D4,D5,D6,
Treatment/ID,Mefloquine [30 µM],D-AP5 [50 µM],CNQX [10 µM],Mefloquine [30 µM],D-AP5 [50 µM],CNQX [10 µM],Mefloquine [30 µM],D-AP5 [50 µM],CNQX [10 µM],Mefloquine [30 µM],D-AP5 [50 µM],CNQX [10 µM],Mefloquine [10 µM],D-AP5 [25 µM],CNQX [5 µM],Mefloquine [10 µM],D-AP5 [25 µM],CNQX [5 µM],Mefloquine [10 µM],D-AP5 [25 µM],CNQX [5 µM],Mefloquine [10 µM],D-AP5 [25 µM],CNQX [5 µM]
Activity Metrics
    Number of Spikes,21.000000,89.000000,6180.000000,46.000000,0.000000,616.000000,4.000000,740.000000,676.000000,171.000000,2003.000000,1581.000000,3571.000000,381.000000,306.000000,347.000000,3.000000,17.000000,334.000000,1.000000,423.000000,677.000000,266.000000,172.000000
    Mean Firing Rate (Hz),0.010937,0.046354,3.218750,0.023958,0.000000,0.320833,0.002083,0.385417,0.352083,0.089063,1.043229,0.823438,1.859896,0.198437,0.159375,0.180729,0.001563,0.008854,0.173958,0.000521,0.220312,0.352604,0.138542,0.089583
    ISI Coefficient of Variation - Avg,1.540978,2.245566,5.042241,1.911197, ,1.758958, ,3.808285,3.950760,1.403168,2.190913,1.778788,5.481493,2.339158,3.001329,9.694188, ,1.675451,0.767567, ,2.102750,3.064535,8.028461,3.768635
    Number of Active Electrodes,1.000000,3.000000,14.000000,1.000000,0.000000,8.000000,0.000000,4.000000,11.000000,4.000000,10.000000,11.000000,15.000000,5.000000,3.000000,3.000000,0.000000,1.000000,2.000000,0.000000,7.000000,2.000000,2.000000,2.000000
    Weighted Mean Firing Rate (Hz),0.150000,0.147222,3.676786,0.325000, ,0.619792, ,1.537500,0.503030,0.166667,1.661667,1.194697,1.983889,0.630000,0.841667,0.897222, ,0.141667,1.391667, ,0.483333,2.629167,1.020833,0.700000
Electrode Burst Metrics
    Number of Bursts,0.000000,8.000000,202.000000,0.000000,0.000000,51.000000,0.000000,47.000000,46.000000,16.000000,119.000000,105.000000,94.000000,14.000000,15.000000,8.000000,0.000000,1.000000,0.000000,0.000000,24.000000,54.000000,10.000000,3.000000
    Number of Bursting Electrodes,0.000000,8.000000,13.000000,0.000000,0.000000,4.000000,0.000000,4.000000,10.000000,16.000000,6.000000,7.000000,12.000000,3.000000,3.000000,3.000000,0.000000,1.000000,0.000000,0.000000,7.000000,4.000000,3.000000,2.000000
    Burst Duration - Avg (sec), ,0.072030,0.148687, , ,0.042919, ,0.079970,0.071958,0.076825,0.090882,0.038717,0.369259,0.073268,0.130384,0.328893, ,0.057680, , ,0.087519,0.071425,0.169212,0.408680
    Burst Duration - Std (sec), ,0.038522,0.048924, , ,0.014447, ,0.028578,0.033751,0.022309,0.049063,0.017673,0.100167,0.019614,0.105764,0.046662, , , , ,0.085544,0.041247,0.130289,0.447966
    Number of Spikes per Burst - Avg, ,9.500000,29.463330, , ,7.902778, ,14.975379,13.386667,8.125000,11.709902,8.209357,38.730023,8.134921,11.904762,41.388889, ,12.000000, , ,8.637755,9.063725,20.433333,72.500000
    Number of Spikes per Burst - Std, ,5.529144,17.562701, , ,3.050121, ,7.622506,8.033928,2.156386,6.221927,2.602051,31.028017,2.977270,9.374666,24.227127, , , , ,5.951849,4.655789,15.759547,70.003571
    Mean ISI within Burst - Avg (sec), ,0.009830,0.006523, , ,0.006854, ,0.006234,0.007322,0.011272,0.008555,0.005146,0.014292,0.011019,0.012205,0.011740, ,0.005244, , ,0.011175,0.011262,0.008871,0.005082
    Mean ISI within Burst - Std (sec), ,0.004402,0.002832, , ,0.002045, ,0.002096,0.003962,0.003038,0.003455,0.001086,0.007039,0.002543,0.002213,0.010469, , , , ,0.005066,0.010110,0.004313,0.001292
    Median ISI within Burst - Avg (sec), ,0.004510,0.003282, , ,0.004226, ,0.004000,0.004880,0.005665,0.004682,0.003340,0.006872,0.006752,0.008057,0.005158, ,0.004640, , ,0.006912,0.005896,0.005271,0.003800
    Median ISI within Burst - Std (sec), ,0.001265,0.000637, , ,0.001150, ,0.000840,0.002436,0.002858,0.001798,0.000517,0.005488,0.004670,0.002467,0.003720, , , , ,0.005546,0.003048,0.002430,0.000509
    Median/Mean ISI within Burst - Avg, ,0.534930,0.592423, , ,0.651397, ,0.721542,0.704094,0.512565,0.626460,0.744433,0.468555,0.568442,0.637742,0.508931, ,0.884882, , ,0.639690,0.669906,0.591711,0.760597
    Median/Mean ISI within Burst - Std, ,0.240356,0.154079, , ,0.113240, ,0.073982,0.143263,0.216567,0.198448,0.099241,0.160556,0.233700,0.082844,0.121756, , , , ,0.226749,0.208138,0.181728,0.094368
    Inter-Burst Interval - Avg (sec), , ,4.902033, , ,10.031410, ,9.896043,13.272436, ,5.823611,8.527254,17.364527,26.665573,18.119649,22.088307, , , , ,24.952193,2.317230,18.995323,20.804000
    Inter-Burst Interval - Std (sec), , ,0.838490, , ,5.035204, ,0.482729,4.148020, ,3.014890,6.383115,3.032997,16.921220,14.177438,9.306374, , , , ,16.813448,0.000000,3.837699,0.000000
    Burst Frequency - Avg (Hz), ,0.008333,0.129487, , ,0.106250, ,0.097917,0.038333,0.008333,0.165278,0.125000,0.065278,0.038889,0.041667,0.022222, ,0.008333, , ,0.028571,0.112500,0.027778,0.012500
    Burst Frequency - Std (Hz), ,0.000000,0.016533, , ,0.051539, ,0.004167,0.007027,0.000000,0.101846,0.090779,0.011143,0.017347,0.016667,0.004811, , , , ,0.017252,0.208333,0.017347,0.005893
    IBI Coefficient of Variation - Avg, , ,0.320357, , ,0.508503, ,0.451448,0.555109, ,0.493651,0.729260,0.471760,0.593818,0.973828,1.364883, , , , ,0.306818,0.723328,1.129025, 
    IBI Coefficient of Variation - Std, , ,0.081257, , ,0.403956, ,0.028577,0.089904, ,0.082127,0.427815,0.214526,0.117391,0.383827,0.016484, , , , ,0.207458,0.000000,0.189851, 
    Burst Percentage - Avg,0.000000,74.632035,84.055444,0.000000, ,25.290513,0.000000,74.964396,63.662007,91.266026,28.364141,38.985636,76.737158,28.668653,43.685741,35.466999,0.000000,70.588235,0.000000,0.000000,34.245393,20.153879,27.272727,40.000000
    Burst Percentage - Std,0.000000,40.225823,35.363908,0.000000, ,39.822144,0.000000,42.633042,47.111296,22.162405,41.079271,37.253175,40.796196,42.811165,47.315192,49.134557,0.000000, ,0.000000, ,38.219858,36.559319,46.709937,54.772256
Network Burst Metrics
    Number of Network Bursts,0.000000,1.000000,16.000000,0.000000,0.000000,0.000000,0.000000,0.000000,5.000000,1.000000,20.000000,6.000000,7.000000,0.000000,0.000000,2.000000,0.000000,0.000000,0.000000,0.000000,3.000000,0.000000,0.000000,0.000000
    Network Burst Frequency, ,0.008333,0.133333, , , , , ,0.041667,0.008333,0.166667,0.050000,0.058333, , ,0.016667, , , , ,0.025000, , , 
    Network Burst Duration - Avg (sec), ,0.147520,0.221985, , , , , ,0.134384,0.136480,0.218152,0.117640,0.486549, , ,0.594480, , , , ,0.306800, , , 
    Network Burst Duration - Std (sec), , ,0.044267, , , , , ,0.028688, ,0.059935,0.126379,0.112390, , ,0.105217, , , , ,0.198612, , , 
    Number of Spikes per Network Burst - Avg, ,81.000000,383.500000, , , , , ,134.800000,130.000000,72.400000,68.000000,510.142857, , ,165.500000, , , , ,62.333333, , , 
    Number of Spikes per Network Burst - Std, , ,69.231014, , , , , ,19.018412, ,17.373301,21.363520,77.979546, , ,14.849242, , , , ,2.516611, , , 
    Mean ISI within Network Burst - Avg (sec), ,0.001844,0.000581, , , , , ,0.001019,0.001058,0.003095,0.001499,0.000948, , ,0.003600, , , , ,0.004981, , , 
    Mean ISI within Network Burst - Std (sec), , ,0.000062, , , , , ,0.000248, ,0.000685,0.001021,0.000091, , ,0.000315, , , , ,0.003167, , , 
    Median ISI within Network Burst - Avg (sec), ,0.000800,0.000310, , , , , ,0.000512,0.000080,0.001750,0.000900,0.000503, , ,0.002140, , , , ,0.001947, , , 
    Median ISI within Network Burst - Std (sec), , ,0.000027, , , , , ,0.000091, ,0.000343,0.000577,0.000076, , ,0.000028, , , , ,0.000878, , , 
    Median/Mean ISI within Network Burst - Avg, ,0.433839,0.538591, , , , , ,0.512421,0.075615,0.576646,0.615354,0.534185, , ,0.596437, , , , ,0.475486, , , 
    Median/Mean ISI within Network Burst - Std, , ,0.071073, , , , , ,0.073453, ,0.098045,0.144358,0.091137, , ,0.044283, , , , ,0.202660, , , 
    Number of Elecs Participating in Burst - Avg, ,10.000000,13.062500, , , , , ,12.600000,16.000000,8.450000,9.500000,15.000000, , ,6.500000, , , , ,9.666667, , , 
    Number of Elecs Participating in Burst - Std, , ,0.250000, , , , , ,0.547723, ,1.276302,1.048809,0.000000, , ,0.707107, , , , ,1.527525, , , 
    Number of Spikes per Network Burst per Channel - Avg, ,8.100000,29.335508, , , , , ,10.670513,8.125000,8.667500,7.400926,34.009524, , ,25.488095, , , , ,6.587121, , , 
    Number of Spikes per Network Burst per Channel - Std, , ,5.120116, , , , , ,1.143774, ,2.000761,3.228520,5.198636, , ,0.488240, , , , ,1.344195, , , 
    Network Burst Percentage, ,91.011236,99.288026, , , , , ,99.704142,76.023392,72.291563,25.806452,100.000000, , ,95.389049, , , , ,44.208038, , , 
    Network IBI Coefficient of Variation, , ,0.278664, , , , , ,0.472503, ,0.590250,0.722877,0.237669, , , , , , , ,0.095185, , , 
    Network Normalized Duration IQR, , ,0.279974, , , , , ,0.000000, ,0.277337,1.341824,0.467633, , , , , , , , , , , 
Synchrony Metrics
    Area Under Normalized Cross-Correlation,0.000000,0.271211,0.512324,-0.000974,0.000000,0.190918,0.000000,0.101983,0.328524,0.928384,0.156281,0.272568,0.424773,0.119971,0.000182,0.070196,0.000000,0.000000,0.002849,0.000000,0.202102,0.048069,0.038226,0.004119
    Area Under Cross-Correlation,0.000000,0.080903,17.766389,0.000000,0.000000,0.330208,0.000000,0.317431,1.112361,0.280417,0.949931,0.949028,5.499028,0.052986,0.000694,0.112778,0.000000,0.000000,0.000903,0.000000,0.162569,0.057292,0.039792,0.001875
    Full Width at Half Height of Normalized Cross-Correlation, ,17.000000,16.000000,8.000000, ,8.000000, ,11.000000,14.000000,1.000000,5.000000,9.000000,14.000000,8.000000,17.000000,45.000000, , ,23.000000, ,9.000000,1.000000,4.000000,10.000000
    Full Width at Half Height of Cross-Correlation, ,52.000000,120.000000,4.000000, ,30.000000, ,62.000000,77.000000,1.000000,40.000000,18.000000,97.000000,16.000000,11.000000,141.000000, , ,23.000000, ,24.000000,1.000000,65.000000,13.000000
    Synchrony Index,0.000000,0.728341,0.598643,0.102988,0.000000,0.333927,0.000000,0.474994,0.501854,0.871193,0.300094,0.392042,0.640973,0.328577,0.036857,0.224617,0.000000,0.000000,0.084981,0.000000,0.392849,0.499001,0.195280,0.115409
    Kreuz SPIKE Distance, , , , , , , , , , , , , , , , , , , , , , , , 
Average Network Burst Metrics
    Start Electrode, ,34.000000,11.000000, , , , , ,14.000000,42.000000,21.000000,33.000000,43.000000, , ,21.000000, , , , ,34.000000, , , 
    Percent Bursts with Start Electrode, ,100.000000,62.500000, , , , , ,100.000000,100.000000,45.000000,50.000000,71.428571, , ,50.000000, , , , ,100.000000, , , 
    Burst Peak (Max Spikes per sec), ,3000.000000,3500.000000, , , , , ,3200.000000,4000.000000,1200.000000,2166.666667,4857.142857, , ,2000.000000, , , , ,2333.333333, , , 
    Time to Burst Peak (ms), ,85.500000,105.500000, , , , , ,62.500000,72.500000,68.500000,21.500000,18.500000, , ,168.500000, , , , ,17.500000, , , 
Viability Metrics
    Resistance - Avg (kOhms),22.660326,25.028162,24.346479,11.641509,13.220677,18.737937,17.938186,13.896284,31.896005,23.550421,16.367525,24.572408,21.959977,18.056629,15.695357,17.475874,15.184855,14.404418,20.330349,6.154448,19.121804,17.871108,13.136879,12.488355
    Resistance - Std (kOhms),10.292908,10.442102,8.759203,4.641591,6.485007,10.871906,10.730057,6.113856,10.641763,9.258289,6.792013,12.865498,8.866604,9.497243,6.667608,7.713165,8.296293,7.108413,10.279937,0.254190,8.510589,9.527924,5.777813,5.019669
    Number of Covered Electrodes,9.000000,10.000000,10.000000,1.000000,2.000000,6.000000,4.000000,3.000000,14.000000,11.000000,4.000000,7.000000,10.000000,5.000000,3.000000,3.000000,4.000000,4.000000,8.000000,0.000000,6.000000,5.000000,3.000000,1.000000
    Weighted Mean Resistance (kOhms),28.703706,30.905283,27.744606,26.660370,27.023088,30.101802,30.513577,24.684368,33.396458,27.188421,25.965871,36.575307,26.295219,27.106879,27.248796,29.723525,26.886649,24.490569,28.210530, ,26.508125,29.467739,22.645686,29.174686

Measurement,A1_11,A1_12,A1_13,A1_14,A1_21,A1_22,A1_23,A1_24,A1_31,A1_32,A1_33,A1_34,A1_41,A1_42,A1_43,A1_44,A2_11,A2_12,A2_13,A2_14,A2_21,A2_22,A2_23,A2_24,A2_31,A2_32,A2_33,A2_34,A2_41,A2_42,A2_43,A2_44,A3_11,A3_12,A3_13,A3_14,A3_21,A3_22,A3_23,A3_24,A3_31,A3_32,A3_33,A3_34,A3_41,A3_42,A3_43,A3_44,A4_11,A4_12,A4_13,A4_14,A4_21,A4_22,A4_23,A4_24,A4_31,A4_32,A4_33,A4_34,A4_41,A4_42,A4_43,A4_44,A5_11,A5_12,A5_13,A5_14,A5_21,A5_22,A5_23,A5_24,A5_31,A5_32,A5_33,A5_34,A5_41,A5_42,A5_43,A5_44,A6_11,A6_12,A6_13,A6_14,A6_21,A6_22,A6_23,A6_24,A6_31,A6_32,A6_33,A6_34,A6_41,A6_42,A6_43,A6_44,B1_11,B1_12,B1_13,B1_14,B1_21,B1_22,B1_23,B1_24,B1_31,B1_32,B1_33,B1_34,B1_41,B1_42,B1_43,B1_44,B2_11,B2_12,B2_13,B2_14,B2_21,B2_22,B2_23,B2_24,B2_31,B2_32,B2_33,B2_34,B2_41,B2_42,B2_43,B2_44,B3_11,B3_12,B3_13,B3_14,B3_21,B3_22,B3_23,B3_24,B3_31,B3_32,B3_33,B3_34,B3_41,B3_42,B3_43,B3_44,B4_11,B4_12,B4_13,B4_14,B4_21,B4_22,B4_23,B4_24,B4_31,B4_32,B4_33,B4_34,B4_41,B4_42,B4_43,B4_44,B5_11,B5_12,B5_13,B5_14,B5_21,B5_22,B5_23,B5_24,B5_31,B5_32,B5_33,B5_34,B5_41,B5_42,B5_43,B5_44,B6_11,B6_12,B6_13,B6_14,B6_21,B6_22,B6_23,B6_24,B6_31,B6_32,B6_33,B6_34,B6_41,B6_42,B6_43,B6_44,C1_11,C1_12,C1_13,C1_14,C1_21,C1_22,C1_23,C1_24,C1_31,C1_32,C1_33,C1_34,C1_41,C1_42,C1_43,C1_44,C2_11,C2_12,C2_13,C2_14,C2_21,C2_22,C2_23,C2_24,C2_31,C2_32,C2_33,C2_34,C2_41,C2_42,C2_43,C2_44,C3_11,C3_12,C3_13,C3_14,C3_21,C3_22,C3_23,C3_24,C3_31,C3_32,C3_33,C3_34,C3_41,C3_42,C3_43,C3_44,C4_11,C4_12,C4_13,C4_14,C4_21,C4_22,C4_23,C4_24,C4_31,C4_32,C4_33,C4_34,C4_41,C4_42,C4_43,C4_44,C5_11,C5_12,C5_13,C5_14,C5_21,C5_22,C5_23,C5_24,C5_31,C5_32,C5_33,C5_34,C5_41,C5_42,C5_43,C5_44,C6_11,C6_12,C6_13,C6_14,C6_21,C6_22,C6_23,C6_24,C6_31,C6_32,C6_33,C6_34,C6_41,C6_42,C6_43,C6_44,D1_11,D1_12,D1_13,D1_14,D1_21,D1_22,D1_23,D1_24,D1_31,D1_32,D1_33,D1_34,D1_41,D1_42,D1_43,D1_44,D2_11,D2_12,D2_13,D2_14,D2_21,D2_22,D2_23,D2_24,D2_31,D2_32,D2_33,D2_34,D2_41,D2_42,D2_43,D2_44,D3_11,D3_12,D3_13,D3_14,D3_21,D3_22,D3_23,D3_24,D3_31,D3_32,D3_33,D3_34,D3_41,D3_42,D3_43,D3_44,D4_11,D4_12,D4_13,D4_14,D4_21,D4_22,D4_23,D4_24,D4_31,D4_32,D4_33,D4_34,D4_41,D4_42,D4_43,D4_44,D5_11,D5_12,D5_13,D5_14,D5_21,D5_22,D5_23,D5_24,D5_31,D5_32,D5_33,D5_34,D5_41,D5_42,D5_43,D5_44,D6_11,D6_12,D6_13,D6_14,D6_21,D6_22,D6_23,D6_24,D6_31,D6_32,D6_33,D6_34,D6_41,D6_42,D6_43,D6_44,
Activity Metrics
    Number of Spikes,0.000000,0.000000,0.000000,0.000000,0.000000,1.000000,0.000000,0.000000,0.000000,0.000000,0.000000,2.000000,0.000000,0.000000,0.000000,18.000000,8.000000,0.000000,3.000000,2.000000,19.000000,0.000000,0.000000,5.000000,0.000000,12.000000,7.000000,22.000000,0.000000,6.000000,0.000000,5.000000,250.000000,540.000000,845.000000,891.000000,335.000000,37.000000,236.000000,3.000000,364.000000,344.000000,80.000000,409.000000,202.000000,0.000000,822.000000,822.000000,0.000000,0.000000,0.000000,0.000000,0.000000,0.000000,0.000000,0.000000,0.000000,0.000000,0.000000,0.000000,39.000000,0.000000,0.000000,7.000000,0.000000,0.000000,0.000000,0.000000,0.000000,0.000000,0.000000,0.000000,0.000000,0.000000,0.000000,0.000000,0.000000,0.000000,0.000000,0.000000,83.000000,65.000000,0.000000,0.000000,202.000000,182.000000,4.000000,8.000000,2.000000,7.000000,10.000000,0.000000,0.000000,16.000000,10.000000,27.000000,0.000000,0.000000,0.000000,0.000000,0.000000,0.000000,0.000000,0.000000,0.000000,0.000000,0.000000,0.000000,0.000000,3.000000,0.000000,1.000000,0.000000,0.000000,0.000000,0.000000,2.000000,264.000000,0.000000,0.000000,252.000000,0.000000,0.000000,0.000000,93.000000,129.000000,0.000000,0.000000,2.000000,40.000000,0.000000,152.000000,3.000000,6.000000,15.000000,37.000000,32.000000,85.000000,63.000000,65.000000,1.000000,30.000000,116.000000,29.000000,6.000000,7.000000,5.000000,8.000000,9.000000,9.000000,12.000000,9.000000,7.000000,9.000000,7.000000,8.000000,13.000000,13.000000,42.000000,7.000000,36.000000,139.000000,401.000000,644.000000,391.000000,2.000000,24.000000,20.000000,53.000000,3.000000,1.000000,0.000000,24.000000,2.000000,1.000000,262.000000,33.000000,12.000000,0.000000,504.000000,4.000000,20.000000,130.000000,56.000000,0.000000,0.000000,275.000000,183.000000,0.000000,51.000000,55.000000,258.000000,318.000000,214.000000,284.000000,0.000000,116.000000,71.000000,699.000000,11.000000,175.000000,129.000000,649.000000,189.000000,10.000000,35.000000,488.000000,183.000000,221.000000,23.000000,0.000000,81.000000,0.000000,0.000000,3.000000,12.000000,0.000000,0.000000,0.000000,41.000000,0.000000,0.000000,0.000000,0.000000,2.000000,1.000000,0.000000,0.000000,19.000000,0.000000,0.000000,172.000000,112.000000,0.000000,0.000000,0.000000,0.000000,0.000000,0.000000,0.000000,119.000000,7.000000,0.000000,0.000000,156.000000,9.000000,0.000000,1.000000,48.000000,0.000000,0.000000,0.000000,0.000000,6.000000,1.000000,0.000000,0.000000,0.000000,0.000000,0.000000,0.000000,0.000000,0.000000,0.000000,0.000000,1.000000,0.000000,0.000000,0.000000,0.000000,0.000000,2.000000,0.000000,0.000000,17.000000,0.000000,0.000000,0.000000,0.000000,0.000000,0.000000,0.000000,0.000000,0.000000,0.000000,0.000000,0.000000,0.000000,0.000000,0.000000,0.000000,0.000000,165.000000,0.000000,0.000000,0.000000,169.000000,0.000000,0.000000,0.000000,0.000000,0.000000,0.000000,0.000000,0.000000,0.000000,0.000000,0.000000,0.000000,1.000000,0.000000,0.000000,0.000000,0.000000,0.000000,0.000000,0.000000,0.000000,0.000000,0.000000,72.000000,0.000000,0.000000,0.000000,58.000000,0.000000,49.000000,0.000000,8.000000,116.000000,44.000000,27.000000,2.000000,5.000000,2.000000,40.000000,1.000000,4.000000,18.000000,613.000000,3.000000,2.000000,4.000000,4.000000,2.000000,8.000000,2.000000,7.000000,4.000000,2.000000,1.000000,2.000000,1.000000,1.000000,0.000000,8.000000,1.000000,146.000000,2.000000,0.000000,5.000000,1.000000,1.000000,0.000000,0.000000,0.000000,99.000000,1.000000,0.000000,1.000000,0.000000,0.000000,122.000000,0.000000,0.000000,0.000000,0.000000,2.000000,0.000000,0.000000,0.000000,1.000000,0.000000,46.000000
    Mean Firing Rate (Hz),0.000000,0.000000,0.000000,0.000000,0.000000,0.008333,0.000000,0.000000,0.000000,0.000000,0.000000,0.016667,0.000000,0.000000,0.000000,0.150000,0.066667,0.000000,0.025000,0.016667,0.158333,0.000000,0.000000,0.041667,0.000000,0.100000,0.058333,0.183333,0.000000,0.050000,0.000000,0.041667,2.083333,4.500000,7.041667,7.425000,2.791667,0.308333,1.966667,0.025000,3.033333,2.866667,0.666667,3.408333,1.683333,0.000000,6.850000,6.850000,0.000000,0.000000,0.000000,0.000000,0.000000,0.000000,0.000000,0.000000,0.000000,0.000000,0.000000,0.000000,0.325000,0.000000,0.000000,0.058333,0.000000,0.000000,0.000000,0.000000,0.000000,0.000000,0.000000,0.000000,0.000000,0.000000,0.000000,0.000000,0.000000,0.000000,0.000000,0.000000,0.691667,0.541667,0.000000,0.000000,1.683333,1.516667,0.033333,0.066667,0.016667,0.058333,0.083333,0.000000,0.000000,0.133333,0.083333,0.225000,0.000000,0.000000,0.000000,0.000000,0.000000,0.000000,0.000000,0.000000,0.000000,0.000000,0.000000,0.000000,0.000000,0.025000,0.000000,0.008333,0.000000,0.000000,0.000000,0.000000,0.016667,2.200000,0.000000,0.000000,2.100000,0.000000,0.000000,0.000000,0.775000,1.075000,0.000000,0.000000,0.016667,0.333333,0.000000,1.266667,0.025000,0.050000,0.125000,0.308333,0.266667,0.708333,0.525000,0.541667,0.008333,0.250000,0.966667,0.241667,0.050000,0.058333,0.041667,0.066667,0.075000,0.075000,0.100000,0.075000,0.058333,0.075000,0.058333,0.066667,0.108333,0.108333,0.350000,0.058333,0.300000,1.158333,3.341667,5.366667,3.258333,0.016667,0.200000,0.166667,0.441667,0.025000,0.008333,0.000000,0.200000,0.016667,0.008333,2.183333,0.275000,0.100000,0.000000,4.200000,0.033333,0.166667,1.083333,0.466667,0.000000,0.000000,2.291667,1.525000,0.000000,0.425000,0.458333,2.150000,2.650000,1.783333,2.366667,0.000000,0.966667,0.591667,5.825000,0.091667,1.458333,1.075000,5.408333,1.575000,0.083333,0.291667,4.066667,1.525000,1.841667,0.191667,0.000000,0.675000,0.000000,0.000000,0.025000,0.100000,0.000000,0.000000,0.000000,0.341667,0.000000,0.000000,0.000000,0.000000,0.016667,0.008333,0.000000,0.000000,0.158333,0.000000,0.000000,1.433333,0.933333,0.000000,0.000000,0.000000,0.000000,0.000000,0.000000,0.000000,0.991667,0.058333,0.000000,0.000000,1.300000,0.075000,0.000000,0.008333,0.400000,0.000000,0.000000,0.000000,0.000000,0.050000,0.008333,0.000000,0.000000,0.000000,0.000000,0.000000,0.000000,0.000000,0.000000,0.000000,0.000000,0.008333,0.000000,0.000000,0.000000,0.000000,0.000000,0.016667,0.000000,0.000000,0.141667,0.000000,0.000000,0.000000,0.000000,0.000000,0.000000,0.000000,0.000000,0.000000,0.000000,0.000000,0.000000,0.000000,0.000000,0.000000,0.000000,0.000000,1.375000,0.000000,0.000000,0.000000,1.408333,0.000000,0.000000,0.000000,0.000000,0.000000,0.000000,0.000000,0.000000,0.000000,0.000000,0.000000,0.000000,0.008333,0.000000,0.000000,0.000000,0.000000,0.000000,0.000000,0.000000,0.000000,0.000000,0.000000,0.600000,0.000000,0.000000,0.000000,0.483333,0.000000,0.408333,0.000000,0.066667,0.966667,0.366667,0.225000,0.016667,0.041667,0.016667,0.333333,0.008333,0.033333,0.150000,5.108333,0.025000,0.016667,0.033333,0.033333,0.016667,0.066667,0.016667,0.058333,0.033333,0.016667,0.008333,0.016667,0.008333,0.008333,0.000000,0.066667,0.008333,1.216667,0.016667,0.000000,0.041667,0.008333,0.008333,0.000000,0.000000,0.000000,0.825000,0.008333,0.000000,0.008333,0.000000,0.000000,1.016667,0.000000,0.000000,0.000000,0.000000,0.016667,0.000000,0.000000,0.000000,0.008333,0.000000,0.383333
    ISI Coefficient of Variation, , , , , , , , , , , , , , , ,1.540978, , , , ,0.435006, , , , ,3.272285, ,3.029407, , , , ,4.064268,5.904848,7.281875,7.583398,4.689259,2.072337,3.884153, ,4.892764,4.750465,2.139840,5.115232,3.569970, ,7.317609,7.325360, , , , , , , , , , , , ,1.911197, , , , , , , , , , , , , , , , , , , ,1.995795,1.705583, , ,3.320758,3.070554, , , , ,1.101723, , ,0.865165,0.908498,1.103588, , , , , , , , , , , , , , , , , , , , , ,5.156876, , ,4.597695, , , ,2.373403,3.105167, , , ,3.339747, ,6.659372, , ,1.863163,3.179189,2.950529,4.970690,4.247265,4.307605, ,2.843167,5.819701,3.277931, , , , , , ,0.889673, , , , , ,1.485705,1.947244,1.290051, ,0.945371,1.840086,3.202421,5.056736,3.151113, ,1.154333,1.053615,1.000799, , , ,0.991113, , ,3.513546,3.162115,1.308238, ,1.864995, ,2.406733,1.973584,1.063439, , ,2.492752,2.010066, ,0.809358,0.785159,1.690234,7.209370,5.888271,6.807077, ,4.282894,3.297568,10.738969,0.905561,5.309687,4.532664,10.338631,5.524244,0.788911,2.202820,8.963046,5.432687,2.386506,2.072849, ,4.198644, , , ,0.869768, , , ,2.168024, , , , , , , , ,3.088486, , ,3.356378,2.559122, , , , , , , ,10.505322, , , ,11.979965, , , ,6.597277, , , , , , , , , , , , , , , , , , , , , , , , , ,1.675451, , , , , , , , , , , , , , , , , ,0.480934, , , ,1.054200, , , , , , , , , , , , , , , , , , , , , , , ,3.642475, , , ,2.527939, ,1.531635, , ,1.513566,2.250939,1.707800, , , ,1.544894, , ,4.118295,2.010775, , , , , , , , , , , , , , , , , ,8.821820, , , , , , , , ,7.235102, , , , , ,0.889449, , , , , , , , , , ,6.647821
Electrode Burst Metrics
    Number of Bursts,0.000000,0.000000,0.000000,0.000000,0.000000,0.000000,0.000000,0.000000,0.000000,0.000000,0.000000,0.000000,0.000000,0.000000,0.000000,0.000000,1.000000,0.000000,0.000000,0.000000,1.000000,0.000000,0.000000,1.000000,0.000000,1.000000,1.000000,1.000000,0.000000,1.000000,0.000000,1.000000,17.000000,16.000000,16.000000,16.000000,16.000000,0.000000,16.000000,0.000000,16.000000,16.000000,9.000000,16.000000,16.000000,0.000000,16.000000,16.000000,0.000000,0.000000,0.000000,0.000000,0.000000,0.000000,0.000000,0.000000,0.000000,0.000000,0.000000,0.000000,0.000000,0.000000,0.000000,0.000000,0.000000,0.000000,0.000000,0.000000,0.000000,0.000000,0.000000,0.000000,0.000000,0.000000,0.000000,0.000000,0.000000,0.000000,0.000000,0.000000,9.000000,6.000000,0.000000,0.000000,18.000000,18.000000,0.000000,0.000000,0.000000,0.000000,0.000000,0.000000,0.000000,0.000000,0.000000,0.000000,0.000000,0.000000,0.000000,0.000000,0.000000,0.000000,0.000000,0.000000,0.000000,0.000000,0.000000,0.000000,0.000000,0.000000,0.000000,0.000000,0.000000,0.000000,0.000000,0.000000,0.000000,12.000000,0.000000,0.000000,12.000000,0.000000,0.000000,0.000000,11.000000,12.000000,0.000000,0.000000,0.000000,5.000000,0.000000,5.000000,0.000000,0.000000,0.000000,3.000000,5.000000,5.000000,5.000000,5.000000,0.000000,3.000000,5.000000,5.000000,1.000000,1.000000,1.000000,1.000000,1.000000,1.000000,1.000000,1.000000,1.000000,1.000000,1.000000,1.000000,1.000000,1.000000,1.000000,1.000000,1.000000,10.000000,30.000000,28.000000,31.000000,0.000000,0.000000,0.000000,0.000000,0.000000,0.000000,0.000000,0.000000,0.000000,0.000000,19.000000,2.000000,0.000000,0.000000,27.000000,0.000000,3.000000,10.000000,0.000000,0.000000,0.000000,30.000000,17.000000,0.000000,0.000000,0.000000,16.000000,7.000000,7.000000,7.000000,0.000000,9.000000,6.000000,7.000000,0.000000,11.000000,8.000000,7.000000,8.000000,0.000000,0.000000,8.000000,9.000000,3.000000,0.000000,0.000000,7.000000,0.000000,0.000000,0.000000,0.000000,0.000000,0.000000,0.000000,4.000000,0.000000,0.000000,0.000000,0.000000,0.000000,0.000000,0.000000,0.000000,3.000000,0.000000,0.000000,7.000000,5.000000,0.000000,0.000000,0.000000,0.000000,0.000000,0.000000,0.000000,2.000000,0.000000,0.000000,0.000000,3.000000,0.000000,0.000000,0.000000,3.000000,0.000000,0.000000,0.000000,0.000000,0.000000,0.000000,0.000000,0.000000,0.000000,0.000000,0.000000,0.000000,0.000000,0.000000,0.000000,0.000000,0.000000,0.000000,0.000000,0.000000,0.000000,0.000000,0.000000,0.000000,0.000000,1.000000,0.000000,0.000000,0.000000,0.000000,0.000000,0.000000,0.000000,0.000000,0.000000,0.000000,0.000000,0.000000,0.000000,0.000000,0.000000,0.000000,0.000000,0.000000,0.000000,0.000000,0.000000,0.000000,0.000000,0.000000,0.000000,0.000000,0.000000,0.000000,0.000000,0.000000,0.000000,0.000000,0.000000,0.000000,0.000000,0.000000,0.000000,0.000000,0.000000,0.000000,0.000000,0.000000,0.000000,0.000000,0.000000,3.000000,0.000000,0.000000,0.000000,7.000000,0.000000,4.000000,0.000000,0.000000,2.000000,5.000000,1.000000,0.000000,0.000000,0.000000,2.000000,0.000000,0.000000,1.000000,51.000000,0.000000,0.000000,0.000000,0.000000,0.000000,1.000000,0.000000,1.000000,0.000000,0.000000,0.000000,0.000000,0.000000,0.000000,0.000000,0.000000,0.000000,4.000000,0.000000,0.000000,1.000000,0.000000,0.000000,0.000000,0.000000,0.000000,5.000000,0.000000,0.000000,0.000000,0.000000,0.000000,1.000000,0.000000,0.000000,0.000000,0.000000,0.000000,0.000000,0.000000,0.000000,0.000000,0.000000,2.000000
    Burst Duration - Avg (sec), , , , , , , , , , , , , , , , ,0.129840, , , ,0.067360, , ,0.045200, ,0.062880,0.046240,0.135360, ,0.039760, ,0.049600,0.167967,0.181430,0.199680,0.208415,0.110800, ,0.124790, ,0.113310,0.113950,0.037884,0.182885,0.123115, ,0.185235,0.183475, , , , , , , , , , , , , , , , , , , , , , , , , , , , , , , , ,0.034560,0.033787, , ,0.039018,0.064311, , , , , , , , , , , , , , , , , , , , , , , , , , , , , , , ,0.106127, , ,0.103233, , , ,0.053913,0.056607, , , ,0.029120, ,0.132912, , , ,0.111253,0.035216,0.058544,0.066336,0.085824, ,0.043627,0.094480,0.062272,0.069360,0.079920,0.069680,0.059760,0.064880,0.131200,0.071920,0.064480,0.062560,0.071920,0.070080,0.067040,0.134240,0.071760,0.071520,0.068880,0.020160,0.068608,0.102859,0.150229,0.065401, , , , , , , , , , ,0.138034,0.071480, , ,0.046723, ,0.019733,0.027880, , , ,0.039109,0.023191, , , ,0.042905,0.462240,0.456811,0.458160, ,0.264080,0.199827,0.471474, ,0.243469,0.294750,0.480446,0.382320, , ,0.388830,0.328702,0.067867, , ,0.095017, , , , , , , ,0.056920, , , , , , , , ,0.050160, , ,0.250240,0.090752, , , , , , , ,0.302120, , , ,0.382773, , , ,0.301787, , , , , , , , , , , , , , , , , , , , , , , , , ,0.057680, , , , , , , , , , , , , , , , , , , , , , , , , , , , , , , , , , , , , , , , , , , , , ,0.277280, , , ,0.029280, ,0.052800, , ,0.060040,0.039392,0.078400, , , ,0.075440, , ,0.059200,0.062979, , , , , ,0.033440, ,0.130080, , , , , , , , , ,0.268180, , ,0.021600, , , , , ,0.217856, , , , , ,0.725440, , , , , , , , , , ,0.091920
    Burst Duration - Std (sec), , , , , , , , , , , , , , , , , , , , , , , , , , , , , , , , ,0.061573,0.044764,0.040433,0.044170,0.032648, ,0.041224, ,0.041378,0.033945,0.027339,0.037211,0.051769, ,0.041319,0.045860, , , , , , , , , , , , , , , , , , , , , , , , , , , , , , , , ,0.012957,0.010767, , ,0.009700,0.025835, , , , , , , , , , , , , , , , , , , , , , , , , , , , , , , ,0.028640, , ,0.020693, , , ,0.028842,0.045336, , , ,0.010082, ,0.026865, , , ,0.024313,0.014106,0.012974,0.028235,0.031636, ,0.013235,0.037472,0.021373, , , , , , , , , , , , , , , , , ,0.032942,0.059327,0.065492,0.053638, , , , , , , , , , ,0.074617,0.063979, , ,0.070458, ,0.006622,0.022696, , , ,0.013334,0.018907, , , ,0.060251,0.117215,0.115066,0.116151, ,0.179741,0.138177,0.115881, ,0.179208,0.160739,0.110814,0.155513, , ,0.154595,0.174549,0.027930, , ,0.023625, , , , , , , ,0.024640, , , , , , , , ,0.003065, , ,0.100999,0.055498, , , , , , , ,0.091358, , , ,0.316122, , , ,0.118727, , , , , , , , , , , , , , , , , , , , , , , , , , , , , , , , , , , , , , , , , , , , , , , , , , , , , , , , , , , , , , , , , , , , , , , ,0.198988, , , ,0.021899, ,0.034761, , ,0.004808,0.005442, , , , ,0.016065, , , ,0.085551, , , , , , , , , , , , , , , , , ,0.047494, , , , , , , , ,0.106650, , , , , , , , , , , , , , , , ,0.012445
    Number of Spikes per Burst - Avg, , , , , , , , , , , , , , , , ,8.000000, , , ,19.000000, , ,5.000000, ,10.000000,6.000000,17.000000, ,6.000000, ,5.000000,14.294118,33.750000,52.750000,55.687500,20.937500, ,14.750000, ,22.750000,21.500000,5.666667,25.562500,12.625000, ,51.375000,51.375000, , , , , , , , , , , , , , , , , , , , , , , , , , , , , , , , ,5.444444,5.166667, , ,11.166667,9.833333, , , , , , , , , , , , , , , , , , , , , , , , , , , , , , , ,22.000000, , ,20.916667, , , ,6.818182,10.166667, , , ,8.000000, ,30.400000, , , ,9.666667,6.400000,17.000000,12.600000,13.000000, ,8.000000,23.200000,5.600000,6.000000,7.000000,5.000000,8.000000,6.000000,9.000000,12.000000,9.000000,7.000000,9.000000,7.000000,8.000000,13.000000,10.000000,7.000000,7.000000,6.000000,6.100000,12.000000,22.892857,10.161290, , , , , , , , , , ,13.105263,13.500000, , ,9.740741, ,6.333333,7.300000, , , ,7.433333,6.470588, , , ,6.687500,45.428571,30.571429,40.571429, ,12.000000,7.500000,99.857143, ,15.909091,15.250000,92.714286,23.625000, , ,61.000000,20.333333,6.333333, , ,11.571429, , , , , , , ,6.500000, , , , , , , , ,6.000000, , ,22.714286,7.000000, , , , , , , ,58.500000, , , ,52.000000, , , ,13.666667, , , , , , , , , , , , , , , , , , , , , , , , , ,12.000000, , , , , , , , , , , , , , , , , , , , , , , , , , , , , , , , , , , , , , , , , , , , , ,22.000000, , , ,7.714286, ,6.250000, , ,6.000000,7.000000,5.000000, , , ,6.500000, , ,16.000000,7.254902, , , , , ,7.000000, ,6.000000, , , , , , , , , ,36.500000, , ,5.000000, , , , , ,19.800000, , , , , ,122.000000, , , , , , , , , , ,23.000000
    Number of Spikes per Burst - Std, , , , , , , , , , , , , , , , , , , , , , , , , , , , , , , , ,4.179783,7.628892,12.157302,9.911063,4.682859, ,3.890159, ,4.946379,3.847077,1.000000,5.328774,2.729469, ,10.417133,9.625487, , , , , , , , , , , , , , , , , , , , , , , , , , , , , , , , ,0.726483,0.408248, , ,1.617914,2.455486, , , , , , , , , , , , , , , , , , , , , , , , , , , , , , , ,3.357488, , ,1.975225, , , ,1.250454,3.563281, , , ,2.449490, ,8.384510, , , ,3.785939,1.140175,3.391165,4.722288,2.915476, ,2.645751,3.701351,0.547723, , , , , , , , , , , , , , , , , ,1.197219,4.697762,6.494096,3.715703, , , , , , , , , , ,4.161927,9.192388, , ,11.366593, ,1.527525,1.766981, , , ,1.994533,1.771922, , , ,2.386595,9.449112,4.157609,9.778499, ,5.408327,2.509980,18.497104, ,9.822979,5.035588,15.129599,7.872874, , ,17.062909,8.440972,1.527525, , ,1.988060, , , , , , , ,1.732051, , , , , , , , ,1.000000, , ,7.994045,2.828427, , , , , , , ,4.949747, , , ,38.742741, , , ,5.033223, , , , , , , , , , , , , , , , , , , , , , , , , , , , , , , , , , , , , , , , , , , , , , , , , , , , , , , , , , , , , , , , , , , , , , , ,13.114877, , , ,2.497618, ,0.957427, , ,1.414214,0.707107, , , , ,0.707107, , , ,5.406822, , , , , , , , , , , , , , , , , ,3.109126, , , , , , , , ,9.338094, , , , , , , , , , , , , , , , ,1.414214
    Mean ISI within Burst - Avg (sec), , , , , , , , , , , , , , , , ,0.018549, , , ,0.003742, , ,0.011300, ,0.006987,0.009248,0.008460, ,0.007952, ,0.012400,0.012497,0.005628,0.003919,0.003830,0.005615, ,0.009191, ,0.005187,0.005574,0.008031,0.007572,0.010438, ,0.003683,0.003635, , , , , , , , , , , , , , , , , , , , , , , , , , , , , , , , ,0.007946,0.008124, , ,0.003809,0.007536, , , , , , , , , , , , , , , , , , , , , , , , , , , , , , , ,0.005022, , ,0.005178, , , ,0.009371,0.005364, , , ,0.004185, ,0.004814, , , ,0.015076,0.006858,0.003675,0.005984,0.007523, ,0.007268,0.004196,0.013641,0.013872,0.013320,0.017420,0.008537,0.012976,0.016400,0.006538,0.008060,0.010427,0.008990,0.011680,0.009577,0.011187,0.007973,0.011920,0.011480,0.004032,0.013657,0.009435,0.006671,0.006672, , , , , , , , , , ,0.010862,0.005258, , ,0.004883, ,0.003699,0.004769, , , ,0.006727,0.004296, , , ,0.006387,0.010416,0.015299,0.011620, ,0.021362,0.027954,0.004748, ,0.015747,0.020315,0.005210,0.016539, , ,0.006225,0.016065,0.013854, , ,0.008937, , , , , , , ,0.010268, , , , , , , , ,0.010292, , ,0.011694,0.014630, , , , , , , ,0.005205, , , ,0.006199, , , ,0.023815, , , , , , , , , , , , , , , , , , , , , , , , , ,0.005244, , , , , , , , , , , , , , , , , , , , , , , , , , , , , , , , , , , , , , , , , , , , , ,0.011912, , , ,0.004111, ,0.009563, , ,0.012367,0.006651,0.019600, , , ,0.014020, , ,0.003947,0.009511, , , , , ,0.005573, ,0.026016, , , , , , , , , ,0.007514, , ,0.005400, , , , , ,0.013699, , , , , ,0.005995, , , , , , , , , , ,0.004169
    Mean ISI within Burst - Std (sec), , , , , , , , , , , , , , , , , , , , , , , , , , , , , , , , ,0.003299,0.001228,0.000578,0.000653,0.001310, ,0.001807, ,0.001317,0.001324,0.005293,0.001314,0.003441, ,0.000354,0.000533, , , , , , , , , , , , , , , , , , , , , , , , , , , , , , , , ,0.003443,0.002630, , ,0.000583,0.003090, , , , , , , , , , , , , , , , , , , , , , , , , , , , , , , ,0.000824, , ,0.000907, , , ,0.005249,0.002698, , , ,0.000720, ,0.001778, , , ,0.007940,0.003752,0.000402,0.001831,0.003341, ,0.004560,0.001149,0.005217, , , , , , , , , , , , , , , , , ,0.006626,0.004054,0.001682,0.003231, , , , , , , , , , ,0.004725,0.001251, , ,0.002805, ,0.000538,0.004714, , , ,0.003440,0.003069, , , ,0.004625,0.001385,0.002091,0.001240, ,0.010534,0.013228,0.000491, ,0.004819,0.007515,0.000542,0.002988, , ,0.001340,0.003148,0.008701, , ,0.001092, , , , , , , ,0.002438, , , , , , , , ,0.001988, , ,0.002104,0.005118, , , , , , , ,0.001141, , , ,0.002638, , , ,0.003879, , , , , , , , , , , , , , , , , , , , , , , , , , , , , , , , , , , , , , , , , , , , , , , , , , , , , , , , , , , , , , , , , , , , , , , ,0.003876, , , ,0.001311, ,0.005178, , ,0.002536,0.001274, , , , ,0.004723, , , ,0.005740, , , , , , , , , , , , , , , , , ,0.000687, , , , , , , , ,0.008853, , , , , , , , , , , , , , , , ,0.000298
    Median ISI within Burst - Avg (sec), , , , , , , , , , , , , , , , ,0.004480, , , ,0.003360, , ,0.006280, ,0.004320,0.003680,0.003800, ,0.006640, ,0.003520,0.003833,0.002950,0.002778,0.002747,0.003835, ,0.003275, ,0.003095,0.003280,0.004907,0.003398,0.003353, ,0.002623,0.002592, , , , , , , , , , , , , , , , , , , , , , , , , , , , , , , , ,0.005231,0.005180, , ,0.002996,0.003496, , , , , , , , , , , , , , , , , , , , , , , , , , , , , , , ,0.003993, , ,0.003820, , , ,0.005109,0.003077, , , ,0.003312, ,0.003216, , , ,0.007240,0.005824,0.002888,0.003416,0.003088, ,0.007013,0.002992,0.009808,0.004320,0.011400,0.012920,0.008960,0.004960,0.004160,0.003920,0.004520,0.004240,0.004720,0.005640,0.002720,0.004560,0.004400,0.004080,0.005120,0.004080,0.007500,0.004308,0.003037,0.003004, , , , , , , , , , ,0.006164,0.003420, , ,0.003001, ,0.003280,0.002744, , , ,0.003580,0.003033, , , ,0.004325,0.003103,0.004474,0.003029, ,0.011387,0.020613,0.002771, ,0.007760,0.012030,0.002983,0.007870, , ,0.002810,0.003631,0.012080, , ,0.004806, , , , , , , ,0.003370, , , , , , , , ,0.006707, , ,0.006560,0.010904, , , , , , , ,0.003020, , , ,0.003000, , , ,0.009453, , , , , , , , , , , , , , , , , , , , , , , , , ,0.004640, , , , , , , , , , , , , , , , , , , , , , , , , , , , , , , , , , , , , , , , , , , , , ,0.003973, , , ,0.003280, ,0.004150, , ,0.005080,0.004984,0.019040, , , ,0.007880, , ,0.002960,0.005545, , , , , ,0.004920, ,0.010160, , , , , , , , , ,0.003460, , ,0.004320, , , , , ,0.008032, , , , , ,0.004160, , , , , , , , , , ,0.003440
    Median ISI within Burst - Std (sec), , , , , , , , , , , , , , , , , , , , , , , , , , , , , , , , ,0.000938,0.000258,0.000132,0.000137,0.000580, ,0.000401, ,0.000213,0.000324,0.001201,0.000426,0.000515, ,0.000073,0.000079, , , , , , , , , , , , , , , , , , , , , , , , , , , , , , , , ,0.004005,0.002180, , ,0.000340,0.000775, , , , , , , , , , , , , , , , , , , , , , , , , , , , , , , ,0.000557, , ,0.000395, , , ,0.001161,0.000281, , , ,0.000479, ,0.000349, , , ,0.003318,0.004356,0.000184,0.000686,0.000359, ,0.005541,0.000145,0.006239, , , , , , , , , , , , , , , , , ,0.003818,0.001566,0.000277,0.000511, , , , , , , , , , ,0.001678,0.000481, , ,0.000520, ,0.000697,0.000385, , , ,0.001525,0.000899, , , ,0.002953,0.000182,0.001071,0.000246, ,0.010583,0.014146,0.000076, ,0.004057,0.004409,0.000138,0.002255, , ,0.000187,0.000484,0.010954, , ,0.001355, , , , , , , ,0.000349, , , , , , , , ,0.002872, , ,0.003241,0.004714, , , , , , , ,0.000028, , , ,0.000200, , , ,0.008227, , , , , , , , , , , , , , , , , , , , , , , , , , , , , , , , , , , , , , , , , , , , , , , , , , , , , , , , , , , , , , , , , , , , , , , ,0.001240, , , ,0.000596, ,0.000529, , ,0.000170,0.001350, , , , ,0.002659, , , ,0.002856, , , , , , , , , , , , , , , , , ,0.000264, , , , , , , , ,0.009765, , , , , , , , , , , , , , , , ,0.000000
    Median/Mean ISI within Burst, , , , , , , , , , , , , , , , ,0.241528, , , ,0.897862, , ,0.555752, ,0.618321,0.397924,0.449173, ,0.835010, ,0.283871,0.344122,0.547158,0.721776,0.729087,0.704067, ,0.367124, ,0.624550,0.620506,0.751693,0.461365,0.383136, ,0.718761,0.728159, , , , , , , , , , , , , , , , , , , , , , , , , , , , , , , , ,0.618956,0.663201, , ,0.797850,0.525581, , , , , , , , , , , , , , , , , , , , , , , , , , , , , , , ,0.803868, , ,0.755551, , , ,0.634060,0.692688, , , ,0.798558, ,0.722762, , , ,0.495019,0.806187,0.789567,0.604916,0.474158, ,0.922873,0.753818,0.673081,0.311419,0.855856,0.741676,1.049531,0.382244,0.253659,0.599555,0.560794,0.406650,0.525028,0.482877,0.284010,0.407628,0.551839,0.342282,0.445993,1.011905,0.598101,0.505344,0.487509,0.511415, , , , , , , , , , ,0.644483,0.658166, , ,0.749616, ,0.890015,0.787271, , , ,0.585395,0.801624, , , ,0.738946,0.302060,0.294365,0.264639, ,0.553453,0.739816,0.588766, ,0.519812,0.606218,0.577756,0.470703, , ,0.471381,0.233694,0.812217, , ,0.546785, , , , , , , ,0.346324, , , , , , , , ,0.634065, , ,0.556797,0.722363, , , , , , , ,0.593860, , , ,0.563497, , , ,0.369436, , , , , , , , , , , , , , , , , , , , , , , , , ,0.884882, , , , , , , , , , , , , , , , , , , , , , , , , , , , , , , , , , , , , , , , , , , , , ,0.336543, , , ,0.835402, ,0.545699, , ,0.418168,0.740848,0.971429, , , ,0.629740, , ,0.750000,0.656318, , , , , ,0.882775, ,0.390529, , , , , , , , , ,0.465498, , ,0.800000, , , , , ,0.509635, , , , , ,0.693869, , , , , , , , , , ,0.827324
    Inter-Burst Interval - Avg (sec), , , , , , , , , , , , , , , , , , , , , , , , , , , , , , , , ,4.403575,4.699669,4.694293,4.695605,4.694155, ,4.690571, ,4.693925,4.693648,7.679800,4.695205,4.695200, ,4.694373,4.696405, , , , , , , , , , , , , , , , , , , , , , , , , , , , , , , , ,12.439940,15.977648, , ,5.854282,5.853769, , , , , , , , , , , , , , , , , , , , , , , , , , , , , , , ,9.654844, , ,9.654640, , , ,10.620136,9.654553, , , ,11.333580, ,11.342460, , , ,22.682200,11.339080,11.343160,11.344600,11.341680, ,19.311960,11.342480,11.343160, , , , , , , , , , , , , , , , , ,10.924702,3.869517,4.166453,3.924861, , , , , , , , , , ,6.232520,15.695760, , ,3.555982, ,19.364840,6.558498, , , ,2.902761,5.261300, , , ,6.351637,19.138187,19.137213,19.136387, ,14.354760,22.964448,19.138493, ,11.534592,16.450571,19.138053,16.480777, , ,16.479931,14.420910,46.062400, , ,19.004320, , , , , , , ,14.930000, , , , , , , , ,34.479000, , ,9.412267,10.467680, , , , , , , ,32.834080, , , ,16.785200, , , ,16.645640, , , , , , , , , , , , , , , , , , , , , , , , , , , , , , , , , , , , , , , , , , , , , , , , , , , , , , , , , , , , , , , , , , , , , , , ,22.912400, , , ,8.989507, ,12.665733, , ,45.832960,13.481120, , , , ,45.831440, , , ,2.317230, , , , , , , , , , , , , , , , , ,21.708987, , , , , , , , ,16.281660, , , , , , , , , , , , , , , , ,20.804000
    Inter-Burst Interval - Std (sec), , , , , , , , , , , , , , , , , , , , , , , , , , , , , , , , ,1.733334,1.351047,1.354442,1.355344,1.374791, ,1.372969, ,1.374868,1.374455,4.405145,1.359905,1.363239, ,1.360528,1.369721, , , , , , , , , , , , , , , , , , , , , , , , , , , , , , , , ,7.821590,16.430461, , ,1.103156,1.103373, , , , , , , , , , , , , , , , , , , , , , , , , , , , , , , ,4.221114, , ,4.220635, , , ,5.249678,4.220150, , , ,6.202098, ,6.188434, , , ,9.177284,6.188802,6.195179,6.196476,6.193357, ,15.014479,6.193019,6.192810, , , , , , , , , , , , , , , , , ,6.923159,1.863317,1.922645,1.860348, , , , , , , , , , ,2.602392, , , ,3.787956, ,5.234457,4.171046, , , ,0.926914,3.743982, , , ,8.721527,4.981739,4.981184,4.979554, ,9.675585,13.517027,4.983359, ,10.430594,8.443962,4.982568,8.369761, , ,8.376094,9.564652,29.165496, , ,13.045967, , , , , , , ,6.894755, , , , , , , , ,30.113528, , ,6.119923,14.632649, , , , , , , , , , , ,22.714193, , , ,22.913371, , , , , , , , , , , , , , , , , , , , , , , , , , , , , , , , , , , , , , , , , , , , , , , , , , , , , , , , , , , , , , , , , , , , , , , ,3.084456, , , ,1.500146, ,4.281761, , , ,7.923093, , , , , , , , ,1.676118, , , , , , , , , , , , , , , , , ,21.595683, , , , , , , , ,20.568132, , , , , , , , , , , , , , , , , 
    Burst Frequency (Hz), , , , , , , , , , , , , , , , ,0.008333, , , ,0.008333, , ,0.008333, ,0.008333,0.008333,0.008333, ,0.008333, ,0.008333,0.141667,0.133333,0.133333,0.133333,0.133333, ,0.133333, ,0.133333,0.133333,0.075000,0.133333,0.133333, ,0.133333,0.133333, , , , , , , , , , , , , , , , , , , , , , , , , , , , , , , , ,0.075000,0.050000, , ,0.150000,0.150000, , , , , , , , , , , , , , , , , , , , , , , , , , , , , , , ,0.100000, , ,0.100000, , , ,0.091667,0.100000, , , ,0.041667, ,0.041667, , , ,0.025000,0.041667,0.041667,0.041667,0.041667, ,0.025000,0.041667,0.041667,0.008333,0.008333,0.008333,0.008333,0.008333,0.008333,0.008333,0.008333,0.008333,0.008333,0.008333,0.008333,0.008333,0.008333,0.008333,0.008333,0.008333,0.083333,0.250000,0.233333,0.258333, , , , , , , , , , ,0.158333,0.016667, , ,0.225000, ,0.025000,0.083333, , , ,0.250000,0.141667, , , ,0.133333,0.058333,0.058333,0.058333, ,0.075000,0.050000,0.058333, ,0.091667,0.066667,0.058333,0.066667, , ,0.066667,0.075000,0.025000, , ,0.058333, , , , , , , ,0.033333, , , , , , , , ,0.025000, , ,0.058333,0.041667, , , , , , , ,0.016667, , , ,0.025000, , , ,0.025000, , , , , , , , , , , , , , , , , , , , , , , , , ,0.008333, , , , , , , , , , , , , , , , , , , , , , , , , , , , , , , , , , , , , , , , , , , , , ,0.025000, , , ,0.058333, ,0.033333, , ,0.016667,0.041667,0.008333, , , ,0.016667, , ,0.008333,0.425000, , , , , ,0.008333, ,0.008333, , , , , , , , , ,0.033333, , ,0.008333, , , , , ,0.041667, , , , , ,0.008333, , , , , , , , , , ,0.016667
    IBI Coefficient of Variation, , , , , , , , , , , , , , , , , , , , , , , , , , , , , , , , ,0.393620,0.287477,0.288530,0.288641,0.292873, ,0.292708, ,0.292904,0.292833,0.573601,0.289637,0.290347, ,0.289821,0.291653, , , , , , , , , , , , , , , , , , , , , , , , , , , , , , , , ,0.628748,1.028340, , ,0.188436,0.188489, , , , , , , , , , , , , , , , , , , , , , , , , , , , , , , ,0.437202, , ,0.437161, , , ,0.494314,0.437115, , , ,0.547232, ,0.545599, , , ,0.404603,0.545794,0.546160,0.546205,0.546071, ,0.777470,0.546002,0.545951, , , , , , , , , , , , , , , , , ,0.633716,0.481537,0.461458,0.473991, , , , , , , , , , ,0.417551, , , ,1.065235, ,0.270307,0.635976, , , ,0.319322,0.711608, , , ,1.373115,0.260304,0.260288,0.260214, ,0.674033,0.588607,0.260384, ,0.904288,0.513293,0.260349,0.507850, , ,0.508260,0.663249,0.633174, , ,0.686474, , , , , , , ,0.461805, , , , , , , , ,0.873388, , ,0.650207,1.397888, , , , , , , , , , , ,1.353227, , , ,1.376539, , , , , , , , , , , , , , , , , , , , , , , , , , , , , , , , , , , , , , , , , , , , , , , , , , , , , , , , , , , , , , , , , , , , , , , ,0.134620, , , ,0.166877, ,0.338059, , , ,0.587718, , , , , , , , ,0.723328, , , , , , , , , , , , , , , , , ,0.994781, , , , , , , , ,1.263270, , , , , , , , , , , , , , , , , 
    Normalized Duration IQR, , , , , , , , , , , , , , , , , , , , , , , , , , , , , , , , ,0.344381,0.106106,0.257459,0.201206,0.294066, ,0.179327, ,0.198297,0.190885,0.393475,0.233334,0.485295, ,0.229167,0.441748, , , , , , , , , , , , , , , , , , , , , , , , , , , , , , , , ,0.000000,0.275606, , ,0.000000,0.512808, , , , , , , , , , , , , , , , , , , , , , , , , , , , , , , ,0.094972, , ,0.099860, , , ,0.906704,1.024566, , , ,0.000000, ,0.000000, , , , ,0.310484,0.163136,0.000000,0.249005, , ,0.123764,0.167504, , , , , , , , , , , , , , , , , ,0.601563,0.804663,0.472935,0.937267, , , , , , , , , , ,0.618071, , , ,1.355146, , ,0.000000, , , ,0.265377,0.000000, , , ,0.394095,0.530907,0.507166,0.516741, ,0.736391,1.259649,0.494566, ,1.534101,0.392806,0.497336,0.076412, , ,0.075248,0.341155, , , ,0.333371, , , , , , , ,0.000000, , , , , , , , , , , ,0.336157,0.947918, , , , , , , , , , , , , , , , , , , , , , , , , , , , , , , , , , , , , , , , , , , , , , , , , , , , , , , , , , , , , , , , , , , , , , , , , , , , , , , , , , , , , , , , , , , ,0.000000, ,0.221853, , , ,0.265658, , , , , , , , ,1.021430, , , , , , , , , , , , , , , , , ,0.118527, , , , , , , , ,0.247773, , , , , , , , , , , , , , , , , 
    Burst Percentage, , , , , ,0.000000, , , , , ,0.000000, , , ,0.000000,100.000000, ,0.000000,0.000000,100.000000, , ,100.000000, ,83.333333,85.714286,77.272727, ,100.000000, ,100.000000,97.200000,100.000000,99.881657,100.000000,100.000000,0.000000,100.000000,0.000000,100.000000,100.000000,63.750000,100.000000,100.000000, ,100.000000,100.000000, , , , , , , , , , , , ,0.000000, , ,0.000000, , , , , , , , , , , , , , , , ,59.036145,47.692308, , ,99.504950,97.252747,0.000000,0.000000,0.000000,0.000000,0.000000, , ,0.000000,0.000000,0.000000, , , , , , , , , , , , , ,0.000000, ,0.000000, , , , ,0.000000,100.000000, , ,99.603175, , , ,80.645161,94.573643, , ,0.000000,100.000000, ,100.000000,0.000000,0.000000,0.000000,78.378378,100.000000,100.000000,100.000000,100.000000,0.000000,80.000000,100.000000,96.551724,100.000000,100.000000,100.000000,100.000000,66.666667,100.000000,100.000000,100.000000,100.000000,100.000000,100.000000,100.000000,100.000000,76.923077,16.666667,100.000000,16.666667,43.884892,89.775561,99.534161,80.562660,0.000000,0.000000,0.000000,0.000000,0.000000,0.000000, ,0.000000,0.000000,0.000000,95.038168,81.818182,0.000000, ,52.182540,0.000000,95.000000,56.153846,0.000000, , ,81.090909,60.109290, ,0.000000,0.000000,41.472868,100.000000,100.000000,100.000000, ,93.103448,63.380282,100.000000,0.000000,100.000000,94.573643,100.000000,100.000000,0.000000,0.000000,100.000000,100.000000,8.597285,0.000000, ,100.000000, , ,0.000000,0.000000, , , ,63.414634, , , , ,0.000000,0.000000, , ,94.736842, , ,92.441860,31.250000, , , , , , , ,98.319328,0.000000, , ,100.000000,0.000000, ,0.000000,85.416667, , , , ,0.000000,0.000000, , , , , , , , , , ,0.000000, , , , , ,0.000000, , ,70.588235, , , , , , , , , , , , , , , , , ,0.000000, , , ,0.000000, , , , , , , , , , , , ,0.000000, , , , , , , , , , ,91.666667, , , ,93.103448, ,51.020408, ,0.000000,10.344828,79.545455,18.518519,0.000000,0.000000,0.000000,32.500000,0.000000,0.000000,88.888889,60.358891,0.000000,0.000000,0.000000,0.000000,0.000000,87.500000,0.000000,85.714286,0.000000,0.000000,0.000000,0.000000,0.000000,0.000000, ,0.000000,0.000000,100.000000,0.000000, ,100.000000,0.000000,0.000000, , , ,100.000000,0.000000, ,0.000000, , ,100.000000, , , , ,0.000000, , , ,0.000000, ,100.000000
Viability Metrics
    Resistance (kOhms),18.649165,22.302622,29.819867,14.555327,40.339190,29.058745,34.202820,10.803059,28.147332,11.201698,19.709326,36.104282, ,10.140415,12.210720, ,31.584270,17.941591,26.162811,29.034119,41.874678,10.220784,10.280023,20.006004,10.361803,33.579828,35.636881,39.476058, ,24.501113,17.565395,27.197070,31.749232,25.455467,36.176673,32.743917,16.492359, ,20.116716, ,22.985797,20.380001,12.734986,20.102482, ,9.830825,31.401802,36.333975,9.543184,11.828899,9.534686,12.251465,11.936383,10.657320,11.253213,9.602268, ,26.660370,9.585138, , ,9.881735,9.508537,9.096414,9.859125,9.680243,27.485395,15.788113,14.943246,10.054805,9.144654,9.465930, , ,9.580415,9.526391, ,9.831742,9.947966,26.560780,24.313516,29.220914,9.933137,9.401837,39.525445,40.473303,9.798591,11.054978,25.935056,12.983542,9.952655,9.640209, ,21.142576,15.734786,11.958511,11.500135,10.746988,15.143687,12.349066,10.604296,10.470440,10.961542, , ,38.614009,42.763515,21.273727, ,17.224861,12.141095,19.403057,31.723499,10.926320,11.116363,11.171521,10.957959,19.843113,10.762866,10.858849,22.486492,10.733356,10.897401,10.822272, ,14.035196,10.861296,11.247760,18.424527,32.538585,10.889669,47.378682,24.260284,22.175993,27.496321,27.556644,36.511484,39.016092,38.198812,35.551468, ,45.724481,45.725366,26.991670,21.403627,30.171485,18.074091,11.002250,36.845958,16.102733,10.785725,19.006040,22.351876,16.292972,35.091263,26.358889, ,25.536338,42.176713,22.056354,12.221286,21.369550,27.709080,27.654962,27.129892,11.235451,11.456044,11.561612,17.277129,11.728696,10.834620, , ,10.704186,11.212422,17.050422,34.285502,19.395773,11.153307,42.373166,12.913066,17.788324,40.634473,13.774908,11.010653,14.802874,41.348161,40.039091, ,14.797655,16.318181,37.950982,26.807873,15.298508,31.964718,13.249593,19.566684,18.637064,33.478721,10.938540,19.339980,14.567913,36.437282,18.490056, ,12.392920,36.490979,21.738833,28.818330,27.255488,11.353346,20.348873,11.147922, ,11.330750, , ,18.962336,11.768334,40.149370, ,10.947086,11.017646,13.580065,27.489670,23.042516,11.124668,12.312850,16.908841,13.806171,11.038479,31.214201, ,11.186621,11.646741,11.252019, ,14.256752,13.318048,11.137423,33.870101,15.120501, ,12.943107,29.326940,14.669547,11.207088,11.271090,25.973535, ,14.198046, , ,12.535853,12.583725,16.010956,10.201753,10.446450,11.778946,11.180767,9.699533,10.026009,10.120386,10.430590,9.874637, ,11.282302,22.368824, ,24.065912,24.705786,36.406073,9.382617,9.671511, ,9.744682,9.869078,14.812422,9.718874,9.703111,20.195648,26.866645,10.170006,9.770925, ,29.804098,10.856354,21.095884,20.693680,15.301109,10.224651,9.639682,22.985613,31.587758,12.736057,41.340032,18.806917,10.408523,30.756876,26.325488, ,33.187873,10.534946,10.426025,6.187248,6.239798,5.319266,6.215541,6.242546, ,6.137061, ,6.246871,6.309915,6.253041,6.215007, ,6.234543,6.216539,6.190447,24.979917,10.752338,12.757925,10.674733,37.538652, ,31.759647, ,15.690627,22.841588,18.425483,23.503465, ,14.864283,12.708365,12.086432,12.156836,10.588531,25.442398,35.997574,11.020104,10.588012,10.547090,10.761693,11.331138,36.157543,14.289849,18.633499, ,16.911383,31.107681,12.533283,9.881951,18.240725,10.141342,13.574346,10.258806,19.965149,10.205719,10.241107, ,10.008212,10.004633,10.157337, ,11.484876,29.731182,10.020923,10.243348,11.395268,15.668952,10.070857, ,10.317030,10.295309,10.843979,12.091596,10.857009,10.222499,10.899283, ,10.439496,12.317660,29.174686

